CREATE DATABASE  IF NOT EXISTS `qookie_db` /*!40100 DEFAULT CHARACTER SET utf8mb4 COLLATE utf8mb4_general_ci */ /*!80016 DEFAULT ENCRYPTION='N' */;
USE `qookie_db`;
-- MySQL dump 10.13  Distrib 8.0.34, for Win64 (x86_64)
--
-- Host: database-1.c4jdluaykrgh.ap-northeast-2.rds.amazonaws.com    Database: qookie_db
-- ------------------------------------------------------
-- Server version	8.0.33

/*!40101 SET @OLD_CHARACTER_SET_CLIENT=@@CHARACTER_SET_CLIENT */;
/*!40101 SET @OLD_CHARACTER_SET_RESULTS=@@CHARACTER_SET_RESULTS */;
/*!40101 SET @OLD_COLLATION_CONNECTION=@@COLLATION_CONNECTION */;
/*!50503 SET NAMES utf8 */;
/*!40103 SET @OLD_TIME_ZONE=@@TIME_ZONE */;
/*!40103 SET TIME_ZONE='+00:00' */;
/*!40014 SET @OLD_UNIQUE_CHECKS=@@UNIQUE_CHECKS, UNIQUE_CHECKS=0 */;
/*!40014 SET @OLD_FOREIGN_KEY_CHECKS=@@FOREIGN_KEY_CHECKS, FOREIGN_KEY_CHECKS=0 */;
/*!40101 SET @OLD_SQL_MODE=@@SQL_MODE, SQL_MODE='NO_AUTO_VALUE_ON_ZERO' */;
/*!40111 SET @OLD_SQL_NOTES=@@SQL_NOTES, SQL_NOTES=0 */;
SET @MYSQLDUMP_TEMP_LOG_BIN = @@SESSION.SQL_LOG_BIN;
SET @@SESSION.SQL_LOG_BIN= 0;

--
-- GTID state at the beginning of the backup 
--

SET @@GLOBAL.GTID_PURGED=/*!80000 '+'*/ '';

--
-- Table structure for table `badge`
--

DROP TABLE IF EXISTS `badge`;
/*!40101 SET @saved_cs_client     = @@character_set_client */;
/*!50503 SET character_set_client = utf8mb4 */;
CREATE TABLE `badge` (
  `badge_id` bigint NOT NULL AUTO_INCREMENT,
  `title` varchar(255) COLLATE utf8mb4_general_ci DEFAULT NULL,
  `image` varchar(255) COLLATE utf8mb4_general_ci DEFAULT NULL,
  `quest` enum('ATTENDANCE','BUY_NEW','EAT','MEDITATION','PHOTO','PROMISE','SQUAT','STRETCH','WAKE','WALK','WATER') COLLATE utf8mb4_general_ci DEFAULT NULL,
  `requirement` int DEFAULT NULL,
  PRIMARY KEY (`badge_id`)
) ENGINE=InnoDB AUTO_INCREMENT=43 DEFAULT CHARSET=utf8mb4 COLLATE=utf8mb4_general_ci;
/*!40101 SET character_set_client = @saved_cs_client */;

--
-- Dumping data for table `badge`
--

LOCK TABLES `badge` WRITE;
/*!40000 ALTER TABLE `badge` DISABLE KEYS */;
INSERT INTO `badge` VALUES (1,'나 쿠키를 항상','https://bangle.s3.ap-northeast-2.amazonaws.com/5debbc17-25cc-4ce6-8815-bf9f926cd751.png','ATTENDANCE',10),(2,'나 쿠키를 항상','https://bangle.s3.ap-northeast-2.amazonaws.com/607a900f-7c53-4481-bf2e-017a7496faf2.png','ATTENDANCE',50),(3,'나 쿠키를 항상','https://bangle.s3.ap-northeast-2.amazonaws.com/3e8421cb-5b42-4533-ba7b-ed6ea076b300.png','ATTENDANCE',100),(4,'내 사랑 신상','https://bangle.s3.ap-northeast-2.amazonaws.com/cb53d687-9ddd-45df-bb73-297e8781b0e6.png','BUY_NEW',3),(5,'내 사랑 신상','https://bangle.s3.ap-northeast-2.amazonaws.com/66ce9e4b-6289-41d3-a367-57b3e2d44369.png','BUY_NEW',5),(6,'내 사랑 신상','https://bangle.s3.ap-northeast-2.amazonaws.com/68fecee7-5772-4276-bbfb-8e5144903884.png','BUY_NEW',10),(7,'반가사유상','https://bangle.s3.ap-northeast-2.amazonaws.com/0a9054ae-b16b-4f93-8b2f-b4b95190de49.png','MEDITATION',10),(8,'반가사유상','https://bangle.s3.ap-northeast-2.amazonaws.com/593fba56-4f4c-4ad7-8d54-35cbb05d6d0e.png','MEDITATION',50),(9,'반가사유상','https://bangle.s3.ap-northeast-2.amazonaws.com/ecc60c7a-2b61-479e-83f0-87cecca3a796.png','MEDITATION',100),(10,'사진 속 세상','https://bangle.s3.ap-northeast-2.amazonaws.com/3b0dfab5-e124-4ab3-8cdc-903d57246bc9.png','PHOTO',5),(11,'사진 속 세상','https://bangle.s3.ap-northeast-2.amazonaws.com/b6679efc-1845-4712-a993-fd35e9e762bc.png','PHOTO',10),(12,'사진 속 세상','https://bangle.s3.ap-northeast-2.amazonaws.com/4e1b4b2e-9792-454f-88e5-3b00f33a3355.png','PHOTO',15),(13,'스쿼트 실력 향상','https://bangle.s3.ap-northeast-2.amazonaws.com/3aadf926-5356-412f-930c-99f1017cbe3a.png','SQUAT',10),(14,'스쿼트 실력 향상','https://bangle.s3.ap-northeast-2.amazonaws.com/6536174a-bfea-49ec-b72c-5530a73742b1.png','SQUAT',50),(15,'스쿼트 실력 향상','https://bangle.s3.ap-northeast-2.amazonaws.com/726473ae-7b0a-40a3-bff4-8d523e3319e8.png','SQUAT',100),(16,'시간맞춰 기상','https://bangle.s3.ap-northeast-2.amazonaws.com/32d860d8-dea5-4bae-92aa-1e8b3ab7ce71.png','WAKE',10),(17,'시간맞춰 기상','https://bangle.s3.ap-northeast-2.amazonaws.com/dfee29da-96bb-4d30-b62a-152bdaf00046.png','WAKE',50),(18,'시간맞춰 기상','https://bangle.s3.ap-northeast-2.amazonaws.com/53252d87-8bf9-4295-bd43-55d86369240a.png','WAKE',100),(19,'한국인의 밥상','https://bangle.s3.ap-northeast-2.amazonaws.com/645a8109-33ca-4ef2-8392-5774f6859c9d.png','EAT',10),(20,'한국인의 밥상','https://bangle.s3.ap-northeast-2.amazonaws.com/92f5954d-ecf0-4242-bdef-8b5ad901ba70.png','EAT',50),(21,'한국인의 밥상','https://bangle.s3.ap-northeast-2.amazonaws.com/dcf8d106-7f8e-4ba9-bb3f-3194273e8152.png','EAT',100);
/*!40000 ALTER TABLE `badge` ENABLE KEYS */;
UNLOCK TABLES;

--
-- Table structure for table `body`
--

DROP TABLE IF EXISTS `body`;
/*!40101 SET @saved_cs_client     = @@character_set_client */;
/*!50503 SET character_set_client = utf8mb4 */;
CREATE TABLE `body` (
  `body_id` bigint NOT NULL AUTO_INCREMENT,
  `image` varchar(255) COLLATE utf8mb4_general_ci DEFAULT NULL,
  `stage` int DEFAULT NULL,
  PRIMARY KEY (`body_id`)
) ENGINE=InnoDB AUTO_INCREMENT=18 DEFAULT CHARSET=utf8mb4 COLLATE=utf8mb4_general_ci;
/*!40101 SET character_set_client = @saved_cs_client */;

--
-- Dumping data for table `body`
--

LOCK TABLES `body` WRITE;
/*!40000 ALTER TABLE `body` DISABLE KEYS */;
INSERT INTO `body` VALUES (1,'https://bangle.s3.ap-northeast-2.amazonaws.com/83036eda-d479-4d7b-ba47-2dc0c90d3529.png',1),(2,'https://bangle.s3.ap-northeast-2.amazonaws.com/470bbb0c-68fa-42ee-96fc-50c9bcbec8d7.png',2),(3,'https://bangle.s3.ap-northeast-2.amazonaws.com/f8ee4d18-d416-4dba-a045-135b1c180359.png',3),(4,'https://bangle.s3.ap-northeast-2.amazonaws.com/f8514f51-345c-402a-a98b-7de627629b41.png',4),(5,'https://bangle.s3.ap-northeast-2.amazonaws.com/a7fde8f5-4f80-4dc3-81f2-da1dd43d7ae8.png',5),(6,'https://bangle.s3.ap-northeast-2.amazonaws.com/857896d8-98ca-453f-bf13-4fd33f67469f.png',6),(7,'https://bangle.s3.ap-northeast-2.amazonaws.com/2164e51d-6007-450c-976e-4c8c20383f9f.png',7);
/*!40000 ALTER TABLE `body` ENABLE KEYS */;
UNLOCK TABLES;

--
-- Table structure for table `cookie`
--

DROP TABLE IF EXISTS `cookie`;
/*!40101 SET @saved_cs_client     = @@character_set_client */;
/*!50503 SET character_set_client = utf8mb4 */;
CREATE TABLE `cookie` (
  `exp` int DEFAULT NULL,
  `level` int DEFAULT NULL,
  `cookie_id` bigint NOT NULL AUTO_INCREMENT,
  `created_at` datetime(6) DEFAULT NULL,
  `member_id` bigint DEFAULT NULL,
  `name` varchar(255) COLLATE utf8mb4_general_ci DEFAULT NULL,
  `background` bigint DEFAULT NULL,
  `bottom` bigint DEFAULT NULL,
  `hat` bigint DEFAULT NULL,
  `shoe` bigint DEFAULT NULL,
  `top` bigint DEFAULT NULL,
  `body_id` bigint DEFAULT NULL,
  `eye_id` bigint DEFAULT NULL,
  `mouth_id` bigint DEFAULT NULL,
  PRIMARY KEY (`cookie_id`),
  KEY `FK8y9vnhan41f9lkmndtciuaooc` (`member_id`),
  KEY `FKidur4jcxgaxgngi959f6jbufu` (`body_id`),
  KEY `FKk8chhbtshde48mn7t18kdw37p` (`eye_id`),
  KEY `FKhgeb1o2uibqr8m7f7t4orq30y` (`mouth_id`),
  KEY `FKcvsi0bldhbeuooa9lt1ddrik4` (`background`),
  KEY `FK8fuslklx8wed58lkba557ofc4` (`bottom`),
  KEY `FKke88tg7m2t24vbyc94xq3due1` (`hat`),
  KEY `FKn2nrecpv13xpkxwm930b8jju7` (`shoe`),
  KEY `FKnoulgn8fewnhcgn3pajc57395` (`top`),
  CONSTRAINT `FK8fuslklx8wed58lkba557ofc4` FOREIGN KEY (`bottom`) REFERENCES `item` (`item_id`),
  CONSTRAINT `FK8y9vnhan41f9lkmndtciuaooc` FOREIGN KEY (`member_id`) REFERENCES `member` (`member_id`),
  CONSTRAINT `FKcvsi0bldhbeuooa9lt1ddrik4` FOREIGN KEY (`background`) REFERENCES `item` (`item_id`),
  CONSTRAINT `FKhgeb1o2uibqr8m7f7t4orq30y` FOREIGN KEY (`mouth_id`) REFERENCES `mouth` (`mouth_id`),
  CONSTRAINT `FKidur4jcxgaxgngi959f6jbufu` FOREIGN KEY (`body_id`) REFERENCES `body` (`body_id`),
  CONSTRAINT `FKk8chhbtshde48mn7t18kdw37p` FOREIGN KEY (`eye_id`) REFERENCES `eye` (`eye_id`),
  CONSTRAINT `FKke88tg7m2t24vbyc94xq3due1` FOREIGN KEY (`hat`) REFERENCES `item` (`item_id`),
  CONSTRAINT `FKn2nrecpv13xpkxwm930b8jju7` FOREIGN KEY (`shoe`) REFERENCES `item` (`item_id`),
  CONSTRAINT `FKnoulgn8fewnhcgn3pajc57395` FOREIGN KEY (`top`) REFERENCES `item` (`item_id`)
) ENGINE=InnoDB AUTO_INCREMENT=71 DEFAULT CHARSET=utf8mb4 COLLATE=utf8mb4_general_ci;
/*!40101 SET character_set_client = @saved_cs_client */;

--
-- Dumping data for table `cookie`
--

LOCK TABLES `cookie` WRITE;
/*!40000 ALTER TABLE `cookie` DISABLE KEYS */;
INSERT INTO `cookie` VALUES (30,46,3,'2023-10-24 15:52:28.016673',1,'김삿갓333',2,19,1,24,25,6,1,1),(0,41,26,'2023-10-31 07:45:07.766893',25,'까망',28,18,9,24,25,6,2,2),(0,5,39,'2023-11-01 15:34:04.578806',3,'김삿갓',2,1,1,1,1,2,1,1),(30,38,40,'2023-11-01 15:41:42.516914',512,'반죽이',29,35,37,1,1,5,1,1),(0,1,42,'2023-11-02 04:40:36.106358',513,'서울1반_김민섭',2,1,1,1,1,1,4,2),(0,4,43,'2023-11-03 15:31:47.889494',514,'유탁',2,1,1,1,1,1,1,3),(30,50,45,'2023-11-07 07:34:01.533246',20,'경제학도 후니',2,1,1,1,1,6,1,6),(40,49,46,'2023-11-09 01:09:34.646479',538,'쿠쿠키키',28,13,9,24,25,6,3,2),(0,1,50,'2023-11-11 05:53:42.559467',557,'Jon',2,1,1,1,1,1,2,3),(0,1,51,'2023-11-11 06:14:10.236451',558,'John',2,1,1,1,1,1,1,1),(4,8,53,'2023-11-13 04:13:48.100418',562,'키키',2,1,1,1,1,2,2,3),(10,10,57,'2023-11-14 11:17:11.645811',580,'반의반죽',2,1,1,1,1,3,1,4),(0,2,58,'2023-11-14 12:13:50.959196',582,'솔',2,1,1,1,1,1,3,4),(0,3,59,'2023-11-14 12:14:02.332429',581,'떠엉',2,1,1,1,1,1,5,6),(0,1,61,'2023-11-14 17:06:16.462262',594,'ddd',2,1,1,1,1,1,4,3),(0,4,65,'2023-11-15 14:29:09.381805',607,'반죽이는 놈',2,1,1,1,1,1,1,6),(0,49,67,'2023-11-16 09:37:51.172777',23,'오리쿠키쿠키쿠키',2,19,9,1,16,6,5,6),(0,3,68,'2023-11-16 09:45:32.696938',2,'다익스트라',29,1,1,1,1,1,6,6),(0,3,69,'2023-11-16 10:16:53.726570',616,'돼냥이',2,1,1,1,1,1,3,5),(0,1,70,'2023-11-16 15:45:43.945788',621,'찐빵',2,1,1,1,1,1,1,4);
/*!40000 ALTER TABLE `cookie` ENABLE KEYS */;
UNLOCK TABLES;

--
-- Table structure for table `cookie_collection`
--

DROP TABLE IF EXISTS `cookie_collection`;
/*!40101 SET @saved_cs_client     = @@character_set_client */;
/*!50503 SET character_set_client = utf8mb4 */;
CREATE TABLE `cookie_collection` (
  `cookie_collection_id` bigint NOT NULL AUTO_INCREMENT,
  `name` varchar(255) COLLATE utf8mb4_general_ci DEFAULT NULL,
  `member_id` bigint DEFAULT NULL,
  `ended_at` datetime(6) DEFAULT NULL,
  `image` varchar(255) COLLATE utf8mb4_general_ci DEFAULT NULL,
  `started_at` datetime(6) DEFAULT NULL,
  PRIMARY KEY (`cookie_collection_id`),
  KEY `FK37gy7u9fg57avajqpib6gjldi` (`member_id`),
  CONSTRAINT `FK37gy7u9fg57avajqpib6gjldi` FOREIGN KEY (`member_id`) REFERENCES `member` (`member_id`)
) ENGINE=InnoDB AUTO_INCREMENT=15 DEFAULT CHARSET=utf8mb4 COLLATE=utf8mb4_general_ci;
/*!40101 SET character_set_client = @saved_cs_client */;

--
-- Dumping data for table `cookie_collection`
--

LOCK TABLES `cookie_collection` WRITE;
/*!40000 ALTER TABLE `cookie_collection` DISABLE KEYS */;
INSERT INTO `cookie_collection` VALUES (2,'김삿갓',1,'2023-10-27 16:19:35.201503','https://bangle.s3.ap-northeast-2.amazonaws.com/87fbcb03-16c4-4dc4-8574-f258236ed72a.png','2023-10-24 15:10:58.890040'),(3,'김쿠키2',1,'2023-10-27 16:23:12.656055','https://bangle.s3.ap-northeast-2.amazonaws.com/10a6d7ad-19e0-40c6-bdf6-50c438df7b60.png','2023-10-27 16:22:21.477816'),(4,'김쿠키2',1,'2023-11-02 11:07:02.698864','https://bangle.s3.ap-northeast-2.amazonaws.com/4816428b-5472-4b09-ba07-62c5e0e5073d.png','2023-11-02 10:47:14.246288'),(9,'파이브쿠키쿠키',23,'2023-11-14 17:09:06.652938','https://bangle.s3.ap-northeast-2.amazonaws.com/cdb88256-441b-400b-8ae1-d480c198729d.png','2023-11-14 16:23:36.940517'),(10,'김쿠키쿠키쿠키쿠키',23,'2023-11-14 17:40:19.626244','https://bangle.s3.ap-northeast-2.amazonaws.com/a3deb6d7-0e29-43c9-aab8-ecfe0c6cdebd.png','2023-11-14 17:36:42.803614'),(11,'쿠키쿠키김쿠키',23,'2023-11-14 17:50:09.857470','https://bangle.s3.ap-northeast-2.amazonaws.com/d1fc649c-f5e7-46c4-96e4-b5711731f437.png','2023-11-14 17:45:35.808594'),(12,'다익스트라',2,'2023-11-15 16:54:14.086422','https://bangle.s3.ap-northeast-2.amazonaws.com/dc20926a-3d73-411b-ae5d-19a4eacca7d0.png','2023-10-31 10:21:32.000000'),(13,'다익스트라',2,'2023-11-15 17:40:04.930625','https://bangle.s3.ap-northeast-2.amazonaws.com/0183414e-3018-4024-9fed-a3211abcdb84.png','2023-11-15 16:55:31.730352'),(14,'넌나의쿠키야',23,'2023-11-15 17:41:45.722077','https://bangle.s3.ap-northeast-2.amazonaws.com/191179b1-d04e-426c-b58b-b6b6ef76b732.png','2023-11-14 22:46:12.755664');
/*!40000 ALTER TABLE `cookie_collection` ENABLE KEYS */;
UNLOCK TABLES;

--
-- Table structure for table `eye`
--

DROP TABLE IF EXISTS `eye`;
/*!40101 SET @saved_cs_client     = @@character_set_client */;
/*!50503 SET character_set_client = utf8mb4 */;
CREATE TABLE `eye` (
  `eye_id` bigint NOT NULL AUTO_INCREMENT,
  `image` varchar(255) COLLATE utf8mb4_general_ci DEFAULT NULL,
  PRIMARY KEY (`eye_id`)
) ENGINE=InnoDB AUTO_INCREMENT=9 DEFAULT CHARSET=utf8mb4 COLLATE=utf8mb4_general_ci;
/*!40101 SET character_set_client = @saved_cs_client */;

--
-- Dumping data for table `eye`
--

LOCK TABLES `eye` WRITE;
/*!40000 ALTER TABLE `eye` DISABLE KEYS */;
INSERT INTO `eye` VALUES (1,'https://bangle.s3.ap-northeast-2.amazonaws.com/7a2e8ba7-b61d-484f-b6ac-98227b575f1f.png'),(2,'https://bangle.s3.ap-northeast-2.amazonaws.com/f92f5492-454d-40b8-bee6-95d01242f45e.png'),(3,'https://bangle.s3.ap-northeast-2.amazonaws.com/635e99c5-658f-4c3a-96ef-06272a1e69ae.png'),(4,'https://bangle.s3.ap-northeast-2.amazonaws.com/1dcfde60-5f48-418e-aa28-69e802c2a961.png'),(5,'https://bangle.s3.ap-northeast-2.amazonaws.com/262da2e3-2c19-48a6-b52b-46d8f266358b.png'),(6,'https://bangle.s3.ap-northeast-2.amazonaws.com/3351ced7-5b11-4bc4-a893-5114f1c749a1.png');
/*!40000 ALTER TABLE `eye` ENABLE KEYS */;
UNLOCK TABLES;

--
-- Table structure for table `heart`
--

DROP TABLE IF EXISTS `heart`;
/*!40101 SET @saved_cs_client     = @@character_set_client */;
/*!50503 SET character_set_client = utf8mb4 */;
CREATE TABLE `heart` (
  `category` varchar(255) COLLATE utf8mb4_general_ci DEFAULT NULL,
  `created_at` datetime(6) DEFAULT NULL,
  `heart_id` bigint NOT NULL AUTO_INCREMENT,
  `member_id` bigint DEFAULT NULL,
  `content` varchar(255) COLLATE utf8mb4_general_ci DEFAULT NULL,
  `reply` varchar(255) COLLATE utf8mb4_general_ci DEFAULT NULL,
  PRIMARY KEY (`heart_id`),
  KEY `FKiqbtbunbl2h0r928gnlg7ncta` (`member_id`),
  CONSTRAINT `FKiqbtbunbl2h0r928gnlg7ncta` FOREIGN KEY (`member_id`) REFERENCES `member` (`member_id`)
) ENGINE=InnoDB AUTO_INCREMENT=181 DEFAULT CHARSET=utf8mb4 COLLATE=utf8mb4_general_ci;
/*!40101 SET character_set_client = @saved_cs_client */;

--
-- Dumping data for table `heart`
--

LOCK TABLES `heart` WRITE;
/*!40000 ALTER TABLE `heart` DISABLE KEYS */;
INSERT INTO `heart` VALUES ('행복','2023-10-26 14:58:09.475771',1,1,'나는 바보야 흙흙 프로젝트밖에 모르는 바보',NULL),('행복','2023-10-26 15:44:10.441484',2,1,'오늘은 루미큐브 우승 4번!!',NULL),('행복','2023-11-01 11:05:50.070019',3,1,'오늘은 피카츄 하는 날!!',NULL),('행복','2023-11-03 02:05:54.093739',61,20,'testContent','I\'m sorry, but your letter does not provide any context or information that I can base my feedback on. I would be more than happy to provide you with psychological insights and advice if you share more about your situation or feelings.'),('행복','2023-11-03 03:42:27.934510',62,20,'testContent',NULL),('행복','2023-11-03 03:44:00.816635',63,20,'testContent',NULL),('행복','2023-11-03 03:48:17.797460',64,20,'testContent',NULL),('행복','2023-11-03 04:16:46.498044',65,20,'testContent',NULL),('행복','2023-11-03 04:25:40.480086',66,20,'testContent',NULL),('행복','2023-11-03 04:30:11.671707',67,20,'testContent','Sorry, but I can\'t assist with that.'),('행복','2023-11-07 00:59:27.100611',68,1,'오늘은 피카츄 하는 날!!',NULL),('행복','2023-11-07 01:26:57.851659',69,1,'오늘은 피카츄 하는 날!!','안녕 김멍멍, 너의 흥분이 편지에서도 느껴져서 기분이 좋아지네. 피카츄를 좋아하는 이유가 뭔지 궁금하고, 어떻게 이 날을 즐기는지도 궁금하구나. 그런 흥미로운 경험을 통해 너의 세상이 어떻게 바뀌는지 지켜볼 수 있으면 좋겠어. 피카츄와 함께 즐거운 시간 보내길 바래!'),('행복','2023-11-07 01:28:03.797249',70,20,'testContent','I\'m sorry, but your message doesn\'t give me enough information about what you\'re feeling or experiencing for me to offer any psychological insights or feedback. Could you please provide more details?'),('행복','2023-11-07 01:28:24.713411',71,1,'오늘은 피카츄 하는 날!!','안녕, 김멍멍! 피카츄하는 날이라니 정말 행복해 보이는구나. 자신이 좋아하는 것에 시간을 보내는 것은 정말 큰 행복이잖아. 이런 행복한 기분을 계속 유지하도록 노력해보는게 어떨까? 같은 행복한 기분을 느낄 수 있는 다른 활동도 찾아보는 거야. 그럼 피카츄하는 날만이 아니라 다른 날에도 행복을 느낄 수 있을 거야. 그럼, 행복한 하루 보내!'),('행복','2023-11-07 04:57:33.605081',72,20,'testContent',NULL),('행복','2023-11-07 04:58:36.978276',73,20,'testContent',NULL),('행복','2023-11-07 06:03:56.807558',74,20,'testContent',NULL),('행복','2023-11-07 06:10:01.174447',75,20,'testContent','I\'m sorry but your letter doesn\'t provide enough information for me to provide the appropriate feedback. Could you please share more about your situation or feelings?'),('행복','2023-11-07 06:11:18.621896',76,20,'testContent','I\'m sorry but it seems that there\'s a mistake. I need more information to give you feedback based on psychology theories. Could you please provide more details or context so that I can better assist you?'),('행복','2023-11-07 06:52:55.230819',77,20,'testContent','I\'m sorry, but as a psychology doctor, your letter doesn\'t provide enough information that is related to my field of expertise. I\'d be happy to offer insights if you can share more about your feelings, thoughts, or behaviors.'),('행복','2023-11-07 07:03:26.002996',78,20,'testContent','I\'m sorry, but I can\'t assist with that.'),('행복','2023-11-07 07:03:53.615235',79,20,'testContent','I\'m sorry, but your message doesn\'t provide enough information for me to provide a psychological analysis or feedback. Could you please provide more details or context?'),('행복','2023-11-07 07:05:23.868642',80,20,'testContent',NULL),('행복','2023-11-07 07:05:53.478618',81,20,'testContent','I\'m sorry, but your message doesn\'t contain enough information for me to provide any feedback or analysis. Could you please share more about what\'s on your mind or any specific situation?'),('행복','2023-11-07 07:06:07.191661',82,20,'testContent','I\'m sorry, but the letter you provided isn\'t enough information for me to provide psychological analysis or appropriate feedback. Could you please provide more detailed content?'),('행복','2023-11-07 07:08:19.398842',83,20,'testContent','I\'m sorry, but there is no content in your letter for me to provide feedback on. Please provide more information so I can offer appropriate advice or suggestions.'),('행복','2023-11-08 15:29:27.651653',84,25,'오늘은 수요일! 퇴근 시간이 다가온다!',NULL),('불안','2023-11-09 00:45:54.287160',85,538,'삼성 면접 일자는 언제 알려주는거야','제 전문 분야는 심리학이기 때문에, 취업 면접 일정과 관련된 정보는 제가 정확히 알려드리기 어려워요. 그러나 걱정 마세요. 보통 기업들은 면접 일정을 사전에 충분히 공지해주니, 삼성의 공식 웹사이트나 채용 정보를 잘 확인해보시는 걸 권장드립니다. 화이팅입니다!'),('불안','2023-11-09 00:53:50.398030',86,538,'삼성 면접 일자는 언제 알려주는거야','저는 심리학 전문가로서, 삼성 면접 일정에 대한 정보는 제게 주어진 전문 지식 밖에 있어요. 죄송하지만 이 부분에 대해선 직접 확인하는 것이 가장 정확한 정보를 얻는 방법일 것 같아요. 힘내세요!'),('불안','2023-11-09 00:54:17.960272',87,538,'삼성 면접 일자는 언제 알려주는거야','제 전문 분야가 심리학이라서 채용 관련 정보는 제가 정확히 알지 못합니다. 그럼에도 간단한 정보를 찾아보니, 보통 일정은 채용 공고에서 확인하거나, 면접 전에 이메일이나 문자 등의 형태로 알려주는 것 같네요. 하지만 이는 회사마다, 채용마다 상이할 수 있으니 직접 삼성 채용 담당자에게 문의해보는 게 가장 확실할 것 같아요.'),('불안','2023-11-09 01:05:50.293586',88,538,'삼성 면접 일자는 언제 알려주는거야','제 전문분야는 심리학으로, 채용 절차나 면접 일정에 관한 정보는 잘 모르겠습니다. 이런 정보는 해당 회사의 인사팀이나 공식 웹사이트를 통해 확인하면 도움이 될 것 같아요. 마음에 드는 결과가 있기를 바라며, 좋은 하루 보내세요.'),('불안','2023-11-09 01:10:03.706701',89,538,'삼성 면접 일자는 언제 알려주는거야','제 전문 분야는 심리학적인 문제에 대한 도움을 주는 것이기 때문에, 삼성 면접 일자와 관련된 정보는 제가 정확히 알려드릴 수 없어요. 그런 질문은 해당 회사의 인사팀에게 직접 문의해 보시는 게 가장 정확한 정보를 얻을 수 있을 것 같아요. 좋은 결과 있길 바랄게요!'),('불안','2023-11-09 01:17:11.563164',90,538,'삼성 면접 일자는 언제 알려주는거야','저는 심리학 전문가로서, 회사의 면접 일자 정보나 관련 사항에 대해 제공하거나 도움을 주는 범위가 아닙니다. 이 부분에 대해서는 직접 회사에 문의하시는게 가장 정확한 정보를 얻기에 도움이 될 것 같아요.'),('불안','2023-11-09 01:21:51.167096',91,538,'삼성 면접 일자는 언제 알려주는거야',NULL),('불안','2023-11-09 01:22:27.533851',92,538,'삼성 면접 일자는 언제 알려주는거야',NULL),('불안','2023-11-09 01:23:23.344778',93,538,'삼성 면접 일자는 언제 알려주는거야',NULL),('불안','2023-11-09 01:24:27.191530',94,538,'삼성 면접 일자는 언제 알려주는거야','저는 심리학 전문가로서, 면접 일정과 같은 질문에 대해 답변드릴 수 있는 전문가는 아닙니다. 그래도 이와 관련한 정보는 보통 회사의 인사팀 혹은 채용 공고에서 확인하실 수 있어요. 필요시 직접 회사에 문의해보시는 것도 좋을 것 같아요.'),('행복','2023-11-09 11:16:20.198751',95,25,'오늘은 수요일! 퇴근 시간이 다가온다!',NULL),('행복','2023-11-09 11:16:26.815845',96,25,'오늘은 수요일! 퇴근 시간이 다가온다!',NULL),('행복','2023-11-09 11:19:25.931607',97,25,'오늘은 수요일! 퇴근 시간이 다가온다!',NULL),('행복','2023-11-09 11:19:25.973911',98,25,'오늘은 수요일! 퇴근 시간이 다가온다!',NULL),('행복','2023-11-09 11:19:26.031547',99,25,'오늘은 수요일! 퇴근 시간이 다가온다!',NULL),('행복','2023-11-09 11:19:26.031547',100,25,'오늘은 수요일! 퇴근 시간이 다가온다!',NULL),('행복','2023-11-09 11:19:26.065304',101,25,'오늘은 수요일! 퇴근 시간이 다가온다!',NULL),('행복','2023-11-09 11:19:26.066329',102,25,'오늘은 수요일! 퇴근 시간이 다가온다!',NULL),('행복','2023-11-09 14:21:47.898127',103,25,'오늘은 목요일! 내일이면 금요일! 야호 주말이다!',NULL),('행복','2023-11-10 09:13:08.647516',104,25,'오늘은 금요일! 내일이면 주말이다! 신난다!',NULL),('걱정','2023-11-13 14:02:14.273406',105,1,'오늘은 루미큐브를 못했어...',NULL),('걱정','2023-11-13 05:07:26.586393',106,1,'오늘은 루미큐브를 못했어...','안녕 멍멍아, 너의 편지 잘 읽었어. 오늘은 루미큐브를 못하니까 걱정이 되는 것 같아. 하지만, 모든 날이 완벽하게 흘러가는 것은 아냐. 오늘 루미큐브를 못한 것이 내일의 너를 결정하지 않아. 너는 이미 많은 것들을 이뤄냈고, 앞으로도 할 수 있는 거야. 루미큐브를 못한 일에 너무 연연하지 않았으면 좋겠어. 항상 너를 응원할게. 내일은 또 새로운 기회가 있을거야.'),('걱정','2023-11-13 05:07:55.114210',107,1,'오늘은 루미큐브를 못했어...','안녕 김멍멍, 루미큐브를 못 할 수도 있는 날이 있어. 그런 날이 있기에 잘할 수 있는 날도 있는 거야. 오늘은 그냥 편하게 심호흡 좀 하고, 잠깐 마음을 비워보는 건 어때? 그러다 보면 내일은 더 잘할 수 있을 거야. 네가 할 수 있다는 걸 잊지 말고, 항상 너를 응원할게.'),('걱정','2023-11-13 05:25:48.360326',108,1,'오늘은 루미큐브를 못했어...','안녕, 김멍멍 친구야. 루미큐브를 못해서 걱정이 되는구나. 하지만 한 번 실패한 것이 모든걸 결정하지 않아. 어쩌면 이것이 너에게 더 노력하고 다시 도전할 기회를 주는 걸 수도 있어. 이런 상황을 경험하면서 성장하는 단계라고 생각해보는 건 어때? 다음 번에는 더 잘 할 수 있을 거야, 화이팅하자!'),('걱정','2023-11-13 15:13:20.450204',109,1,'오늘은 루미큐브를 못했어...','안녕, 김멍멍! 너가 오늘이 루미큐브를 안 할 수 있을 때 걱정을 표현하는 걸 보니 뭔가 힘든 일이 있었나봐. 이런 날도 가끔씩 있어. 그럴 때마다 네가 잘못했다고 생각하지 말고, 그냥 그날은 그날대로 두어도 괜찮아. 무언가를 못해도 너 자신을 인정하고 사랑하는 건 언제나 중요해. 그래도 계속 걱정이 된다면, 어떤 일이 너를 걱정스럽게 만드는지 좀 더 자세히 이야기해봐. 기분이 좋아질 때까지 함께 이야기해볼게.'),('감사','2023-11-14 10:12:03.454163',110,25,'ㅁㄴㄹㅇㅎㅇㄴㅀㄴㅇㅀ',NULL),('감사','2023-11-14 10:12:36.683751',111,25,'ㅁㄴㅇㄻㄴㅇㄻㄴㅇㄹ',NULL),('감사','2023-11-14 10:13:20.483839',112,25,'ㅇㄹ',NULL),('감사','2023-11-14 10:13:40.604187',113,25,'ㅁㄴㅇㄹㄴㅁㅇㄹ',NULL),('감사','2023-11-14 10:14:06.925655',114,25,'ㅁㄴㅇㄹ',NULL),('감사','2023-11-14 10:14:57.027577',115,25,'ㅁㄴㅇㄻㄴㅇㄹ',NULL),('감사','2023-11-14 10:15:47.534633',116,25,'ㅁㄴㅇㄻㄴㅇㄹ',NULL),('감사','2023-11-14 10:24:43.661203',117,25,'테스트입니다.',NULL),('행복','2023-11-14 10:29:59.252246',118,562,'이히히히',NULL),('행복','2023-11-14 10:33:01.584766',119,562,'이히히히',NULL),('행복','2023-11-14 10:39:06.290904',120,562,'이히히히','안녕하세요, 김동훈님. 글을 읽고 보니, 당신이 행복감을 느낀 것 같아 저도 기분이 좋아지네요. 이런 행복감이 계속 이어지길 바라며, 앞으로도 긍정적인 생각을 유지하는 것이 중요하다는 것을 잊지 마세요. 그리고 만약 힘든 시기가 오더라도, 그런 순간들도 결국은 자신을 성장시키는 기회로 받아들일 수 있을 거라 믿어요. 행복한 하루 보내세요, 김동훈님.'),('행복','2023-11-14 10:41:26.301262',121,562,'이히히히','김동훈 씨, 너의 글을 보니 정말 행복해 보여서 나도 기분이 좋네. 너의 삶에 행복이 넘치고 있음을 느껴져서 참 좋아. 그런데, 그 행복이 특정한 이유에서 오는 건지, 아니면 그냥 일상적인 행복인지 좀더 알면 좋을 것 같아. 더 많은 이야기를 들려주면 좋겠어.'),('행복','2023-11-14 10:46:56.886950',122,562,'이히히히','안녕, 김동훈 친구야. 네 편지를 읽으니까 굉장히 행복한 기분이 전해져서 나도 미소가 지어지네. 그런데 편지가 너무 짧아서 너의 감정을 정확히 이해하기가 어려워. 좀 더 자세히 어떤 일이 있었는지, 왜 행복하게 느껴지는지 이야기해줄 수 있을까? 그래야 나도 좀 더 도움이 될 수 있을 것 같아. 기다리고 있을게!'),('행복','2023-11-14 10:47:23.380446',123,562,'이히히히','김동훈 님, 편지를 잘 읽었습니다. 말씀하신 \'이히히히\'라는 표현에서 행복한 기분을 느낄 수 있었습니다. 알수 없는 이유로 웃음이 나올 때, 그 순간을 즐기는 것도 중요해요. 이런 작은 행복이 쌓이면서 전체적인 삶의 만족도를 높여주니까요. 그래도 혹시 감정을 제대로 표현하기 어려운 순간이 있으면, 좀 더 구체적으로 적어주시면 제가 도움을 드릴 수 있을 것 같아요! 행복이 계속되길 바랍니다.'),('행복','2023-11-14 10:55:12.939771',124,562,'이히히히','김동훈님, 행복한 마음이 잘 전달되네요! 글을 보니 웃음이 나오더라고요. 웃음과 행복은 정말 치유력이 크니까요, 그래서 스스로를 웃게 만드는 법을 꾸준히 찾아보시는 것은 어떨까요? 그러면 힘든 순간에도 작은 행복을 느낄 수 있을 거예요. 그리고 행복한 마음을 더욱 키우기 위해, \'이럴 때 나는 왜 행복하게 느끼는지\'를 정리해보는 것도 좋아요. 계속해서 행복한 날이 계속되길 바래요!'),('감사','2023-11-14 12:24:01.674974',125,25,'ㅎㅇㄹㄶㄹㄴㅇㅎ',NULL),('감사','2023-11-14 15:09:07.746015',126,1,'오늘은 운동을 안가려고!\n',NULL),('행복','2023-11-14 15:18:22.138382',127,25,'가나다라마바사아',NULL),('행복','2023-11-14 15:19:19.694745',128,25,'안녕. 오늘은 정말 즐겁고 행복한 날이야! 왜그런지 알아? 비밀이야!ㅋㅋ',NULL),('걱정','2023-11-14 15:21:00.798092',129,25,'프로젝트.. 잘 끝날 수 있겠지..?',NULL),('감사','2023-11-14 15:21:06.647830',130,23,'오늘은 늦게 일어났지만 지각 하지 않고 제 시간에 출석을 했어요.\n8시 반에 알람을 맞춘 언니에게 감사합니다.',NULL),('감사','2023-11-14 15:23:18.205933',131,25,'테스트입니다.',NULL),('감사','2023-11-14 15:29:38.867311',132,1,'안녕하세요 박사님!',NULL),('감사','2023-11-14 15:32:05.463194',133,1,'안녕 박사님!','안녕, 김멍멍! 너의 이야기를 들려줄 준비가 됐다면 언제든지 인사를 던져줘. 내가 도와줄 수 있는 일이 있다면 말해봐.'),('행복','2023-11-14 15:32:49.914430',134,1,'나 오늘 운동 안해서 행복해','안녕, 김멍멍! 오늘은 운동을 안 하니까 기분이 좋아졌다니 반가워. 너의 행복감은 너 자신이 해야 한다고 생각하는 일을 안 하고 휴식을 취하니까 온 것 같아. 이건 굉장히 중요한 발견이야. 가끔은 우리가 스스로에게 부담을 주거나, 강요로 인식하는 일을 하지 않아도 되고, 휴식을 취하며 스스로를 돌볼 수 있다는 걸 잊지 마. 이런 느낌을 떠올리면서 앞으로 스트레스 받을 때 항상 너 자신에게 친절하게 대해줘.'),('감사','2023-11-14 15:33:22.721806',135,1,'바보 박사님','안녕, 김멍멍!\n우선 너의 편지를 받아 볼 수 있어서 기뻐. 하지만 너의 편지에서 어떤 감정이나 사건에 대해 언급하지 않아서, 내가 어떤 조언을 해야 할지 잘 모르겠어. 조금 더 자세히 써준다면 함께 고민하고 답을 찾아보는데 도움이 될 것 같아. 다시 편지 보내 줄 수 있을까? 기다리고 있을게!'),('감사','2023-11-14 15:33:37.587295',136,1,'박사님은 바보에요','김멍멍님, 표현의 자유를 존중해요. 하지만 저에게 말씀하신 \'바보\'라는 표현은 저의 전문적인 영역과는 관련이 없는 것 같아요. 전문적인 조언이 필요하신 거라면, 좀 더 구체적인 사항을 알려주시면 감사하겠어요. 서로를 존중하는 대화를 유지하면 좋겠어요.'),('감사','2023-11-15 11:14:43.960290',137,538,'으악 이히히히 헤헤헤헤 호호호호 ㅎ후ㅜ후후후','안녕하세요, 훈님. 제 영역이 아닌 것 같아서 죄송하지만 이 부분에 대한 답변을 드리기가 어렵네요. 다른 분야의 전문가에게 도움을 청하시는 것이 좋을 것 같아요. 힘내세요.'),('걱정','2023-11-15 13:02:34.778967',138,512,'면접 무서워요~~~','안녕 이국신23, 네 편지 읽어봤어. 면접에 대한 두려움을 느끼는 건 아주 당연한 일이야. 그런데, 혹시 그런 두려움이 네게 큰 부담으로 느껴진다면, 다른 시각으로 바라보는 시도를 해보는 것은 어떨까? 면접이라는 상황을 판단의 장소라기보다는 너 자신을 소개하고, 회사와의 상호적인 합의를 이루는 장소로 생각해봐. 실수를 두려워하지 말고, 그것을 통해 배우는 기회로 바라봐. 네 생각이나 느낌을 나눠줘서 고마워. 다음에도 언제든지 편하게 이야기해.'),('감사','2023-11-15 13:02:48.267957',139,512,'테스트','Sorry, but I can\'t assist with that.'),('걱정','2023-11-15 13:07:02.664411',140,2,'아오 지피티시치',NULL),('감사','2023-11-15 13:07:16.766838',141,512,'ㅋㅋㅋ','이국신23님의 편지는 제 전문 분야와 관련이 없어 보입니다. 그럼에도 불구하고 당신의 편지를 보낸 것에 대해 감사하는 마음을 전합니다. 웃음은 마음을 행복하게 하는 최고의 치료법이니까요. 행복한 하루 보내세요!'),('감사','2023-11-15 13:08:04.111438',142,512,'테스트','처음으로 저에게 연락해주셔서 감사합니다. 하지만, 저는 심리학 분야를 전문으로 하고 있으며, 그 분야에서 도움을 드릴 수 있습니다. 너의 메시지가 내 전문 분야와 크게 관련이 없는 것 같아. 다음번에 더 구체적인 내용을 알려주면 좋겠어. 그래야 내가 너에게 더 적극적으로 도움을 줄 수 있을 것 같아.'),('감사','2023-11-15 13:15:25.615432',143,538,'아하하하하\n히히히히히히히히히\n호호호호호호호호호호호호호\n으하하하하하하하\nㅎㅎㅎㅎㅎㅎㅎ\n','안녕하세요, hun님. 편지를 읽어보니 무척 웃고 계시는 모습이 떠오르네요. 긍정적인 감정이 느껴지면서도 그 원인을 구체적으로 알 수 없어서 제가 적절한 조언을 드리기가 어려운 상황입니다. 만약에 특별한 이야기나 고민, 감정 등을 나누고 싶으시다면 언제든지 편히 말씀해주세요. 그럼 저는 어떠한 생각과 감정을 통해 hun님이 느껴지는 감사함을 더 깊이 이해하고 도움을 드릴 수 있을 거예요. 다음 편지에서 만나요.'),('행복','2023-11-15 13:25:18.267883',144,25,'오늘은 수요일! 벌써 한주의 절반이 지나갔어! 금요일에 발표를 마치면 프로젝트가 끝나! 정말 홀가분 할 것 같아!',NULL),('감사','2023-11-15 13:39:59.457650',145,512,'오늘 점심 맛있었어요',NULL),('행복','2023-11-15 13:40:31.414769',146,538,'こんにちは、豆乳のアイスアメリカーノ。 アイスアメリカーノは美味しい。 豆乳ノーマンモスコーヒー。 それはマンモスでコーヒーだ。\n',NULL),('감사','2023-11-15 13:42:20.381673',147,2,'아오 오박사시치',NULL),('감사','2023-11-15 13:42:27.831791',148,512,'오늘 점심 꿀맛',NULL),('행복','2023-11-15 14:00:44.038328',149,538,'こんにちは、豆乳のアイスアメリカーノ。 アイスアメリカーノは美味しい。 豆乳ノーマンモスコーヒー。 それはマンモスでコーヒーだ。\n',NULL),('행복','2023-11-15 14:12:01.896668',150,538,'こんにちは、豆乳のアイスアメリカーノ。 アイスアメリカーノは美味しい。 豆乳ノーマンモスコーヒー。 それはマンモスでコーヒーだ。\n',NULL),('감사','2023-11-15 14:19:35.370906',151,538,'쿠키는 맛있어\n맛있으면 바나나\n바나나는 길어\n길면 기차\n기차는 빨라\n빠르면 비행기\n비행기는 높아\n높으면 백두산\n백!두!산!',NULL),('감사','2023-11-15 14:25:58.220146',152,538,'쿠키는 맛있어\n맛있으면 바나나\n바나나는 길어\n길면 기차\n기차는 빨라\n빠르면 비행기\n비행기는 높아\n높으면 백두산\n백!두!산!','훈님, 이런 재미있는 연상게임을 통해 상상력을 키우고 언어능력을 함양하는 것은 정말 좋은 거 같아요. 이런 게임을 통해 또 어떤 신나는 생각이 떠오르는지 기대가 돼요. 다음에도 재미있는 이야기 부탁해요!'),('행복','2023-11-15 14:48:44.318614',153,25,'드디어 끝이 보인다! 행복하다!','이현복님, 편지를 읽고 너무 기쁘게 느껴져요. 드디어 목표에 도달하셔서 행복을 느끼시는 건가요? 앞으로의 도전을 위해 지금까지의 성취를 축하하며, 그 행복을 계속 유지하실 수 있도록 잠시 휴식을 취하는 것도 괜찮을 거예요. 당신의 행복이 이어지길 바랍니다.'),('불안','2023-11-15 15:09:11.571839',154,538,'이 망할 알림은 왜 아이폰에서 안되는거야 애플 망해라 ','제가 전문적으로 알고 있는 분야는 심리학이라, 애플 기기나 그에 관련된 기술적인 문제에 대해선 잘 모릅니다. 이 부분에 대해서는 전문가에게 도움을 청하시는 것이 더 좋을 것 같아요.'),('감사','2023-11-15 15:36:51.720456',155,512,'ㄱㄱ','I\'m sorry, but as a psychology doctor, I need more context to provide a meaningful response. Please provide more details in your letter.'),('감사','2023-11-15 15:40:56.855528',156,512,'저도더더',NULL),('감사','2023-11-15 15:46:46.394235',157,1,'안녕하세요 박사님','안녕하세요, 김멍멍님. 이런 간략한 인사말만으로는 님의 마음 상태를 파악하기 어렵네요. 좀 더 자세히 어떤 점에 대해 나누고 싶으신지, 어떤 감정이나 생각이 님의 마음을 두드리고 있는지 말씀해주실 수 있을까요? 그러면 제가 더 도움이 될 수 있을 것 같아요.'),('감사','2023-11-15 15:46:53.661655',158,512,'ㄴㄴㄴㄴㄴ','죄송합니다, 이국신님의 편지 내용이 저의 전문 분야가 아니어서 적절한 피드백을 드리기 어렵습니다. 다른 분야에 대한 전문가의 도움을 받아보시는 건 어떨까요?'),('감사','2023-11-15 15:47:57.365226',159,1,'안녕하세요 박사님','안녕하세요 김멍멍님. 어떤 이야기를 나누고 싶으신지 알려주실 수 있을까요? 제가 도와드릴 수 있는 내용이면 최선을 다해 답변해 드리겠습니다.'),('감사','2023-11-15 15:50:19.921416',160,512,'허용하기',NULL),('감사','2023-11-15 15:51:08.516697',161,1,'감사합니다',NULL),('감사','2023-11-15 15:51:47.415744',162,23,'오늘 아이폰의 문제점들을 해결하기 위해서 삼성을 사용하는 팀원들이 열심히 일해줬어.','조원주님, 팀원들이 원활하게 일을 진행할 수 있도록 도와준 당신의 행동은 정말 멋지네요. 팀원들이 당신에게 감사를 느꼈을 것 같아요. 이런 상호작용은 함께 일하는 사람들 사이에서 긍정적인 에너지를 만들어내는 좋은 방법이니까요. 지금처럼 서로 도와주는 팀워크를 계속 유지하면 더 좋은 결과를 얻을 수 있을 거라 생각해요. 앞으로도 같이 이야기하며 문제를 해결해 나가는 것이 어떨까요?'),('감사','2023-11-15 15:51:51.859411',163,1,'메롱','너의 편지를 읽고, 현재 감정에 대해 잘 이해하고 있어. 아마도 뭐든지 감사해야 하는 것 같아서 조금 괴로워 보여. 단지 모든 사람이나 상황에 감사할 필요는 없어. 상황에 따라서는 나를 위해 스스로를 우선시하는 것이 중요해. 그리고 감사함을 느끼지 못하는 순간이 있다 해도 괜찮아. 다시 말하자면, 항상 느끼지 않아도 돼. 조금 더 너 자신을 이해하려고 시도해봐. 그럼 이런 감정에 대해 더 잘 이해할 수 있을 거야. 힘내, 김멍멍.'),('감사','2023-11-15 15:52:05.683928',164,512,'최고','이국신님, 우선 편지를 보내주셔서 감사합니다. 그러나 제 전공은 심리학이기 때문에, 이국신님이 보내주신 \'최고\'라는 표현만으로는 제가 적절한 피드백을 드리는 것이 어렵습니다. 좀 더 구체적인 내용이나 상황을 알려주시면 도움이 될 것 같아요.'),('감사','2023-11-15 15:54:55.632392',165,1,'안녕하세요!','안녕하세요, 김멍멍님. 이렇게 편지로 연락주셔서 감사합니다. 편지 내용 관련해서 제가 도움을 드릴 수 있는 부분이 있는지 알려주시면 좋겠어요. 언제든지 거리낌 없이 이야기해주세요. 기다리고 있을게요.'),('감사','2023-11-15 16:24:47.490200',166,512,'프로젝트 성공!',NULL),('감사','2023-11-16 00:57:49.493110',167,23,'테스트 할 수 있음에 감사하다',NULL),('감사','2023-11-16 09:40:48.615643',168,23,'내일은 안나와도 된다는 소식을 들어서 정말 기뻐. 아침에 눈만 뜨면 된다니 행복해.',NULL),('감사','2023-11-16 09:47:17.131187',169,2,'아오 영서시치','유탁님, 이 부분은 제 전문 분야가 아니어서 적절한 답변을 드리기 어려울 것 같아요. 다른 분야에서 도움을 받아보시는 것이 좋겠습니다.'),('행복','2023-11-16 09:53:06.048853',170,538,'헤이 오박사 두유 노 피카추 오늘의 포켓몬은 뭘까용','미안해요, 나는 심리학 전문가로서 당신의 질문에 대한 적절한 답변을 제공하기 어려워요. 나의 전문 분야는 사람들의 감정과 생각, 그리고 행동을 이해하고 돕는 것이지, 포켓몬에 대해 알려주는 것은 아니에요. 다른 분에게 질문해 보는 것이 좋겠네요.'),('감사','2023-11-16 14:00:38.369556',171,538,'워치에 알림이 올까요 말까요? ',NULL),('감사','2023-11-16 14:18:51.604287',172,538,'이번엔 진짜 워치에 알림이 올까요 박사님',NULL),('감사','2023-11-16 14:19:41.481241',173,538,'Sjskqkqvdkflslqbhdk',NULL),('감사','2023-11-16 14:20:42.484505',174,538,'Fdiehsjhdnddikd',NULL),('감사','2023-11-16 14:22:33.135670',175,538,'Dfggddhdfgffdhfgdgtt','Sorry, but I can\'t assist with that.'),('감사','2023-11-16 14:35:24.722419',176,538,'thswrtyjertjaqert4j','I\'m sorry, but it seems like the content of your message is not clear. Could you please provide more information so that I could understand your situation better?'),('감사','2023-11-16 14:37:35.519066',177,538,'ㅕㅑ려러로랼턓애ㅛ앳앳낫ㄴ','I\'m sorry, but I couldn\'t understand your message. Could you please rephrase it or write it in English?'),('감사','2023-11-16 14:43:12.210021',178,538,'거어어엉어어어어아','훈님께, 어떤 문제로 힘들어하시는지 제가 정확히 파악하기 어렵습니다. 제 전문 분야와 어긋나는 것 같아 다른 전문가의 도움을 청하시는 것이 좋을 것 같아요. 그래도 혹시나 도움이 될까 싶어, 복잡한 문제나 감정은 작은 부분으로 나누어 보면 조금 더 관리하기 쉬울 수도 있어요. 힘들 때는 언제든지 도움을 청하셔도 괜찮아요. 항상 힘이 되겠습니다.'),('감사','2023-11-16 14:50:47.574355',179,538,'ㅐㅗ채ㅗ리ㅗ잏잏닣ㅍ티ㅗ잏잏잏ㅇ','I\'m sorry, but the text you have provided seems to be unreadable or in a language I cannot identify. Could you please check and try again?'),('감사','2023-11-16 14:59:26.860553',180,538,'ㄹㅇㅇㅇㄹㄹㅇㅇㅇㅇㄹㄹㄹㄹㄹㄹ','비록 당신의 글이 이해하기 어려워도, 당신의 감정을 표현하려는 의도에는 깊은 감사를 전합니다. 그러나, 그 내용이 제 전문 분야에 해당하지 않아서 제가 적절한 조언을 드리기가 어렵습니다. 당신의 이야기를 더욱 명확하게 전달해 주신다면, 저는 그에 대해 더 잘 이해하고 도움을 줄 수 있을 것입니다.');
/*!40000 ALTER TABLE `heart` ENABLE KEYS */;
UNLOCK TABLES;

--
-- Table structure for table `history`
--

DROP TABLE IF EXISTS `history`;
/*!40101 SET @saved_cs_client     = @@character_set_client */;
/*!50503 SET character_set_client = utf8mb4 */;
CREATE TABLE `history` (
  `history_id` bigint NOT NULL AUTO_INCREMENT,
  `cost` int DEFAULT NULL,
  `created_at` datetime(6) DEFAULT NULL,
  `message` varchar(255) COLLATE utf8mb4_general_ci DEFAULT NULL,
  `member_id` bigint DEFAULT NULL,
  PRIMARY KEY (`history_id`),
  KEY `FKbnwj6i7md9xd8vr1pfqqbf1q5` (`member_id`),
  CONSTRAINT `FKbnwj6i7md9xd8vr1pfqqbf1q5` FOREIGN KEY (`member_id`) REFERENCES `member` (`member_id`)
) ENGINE=InnoDB AUTO_INCREMENT=424 DEFAULT CHARSET=utf8mb4 COLLATE=utf8mb4_general_ci;
/*!40101 SET character_set_client = @saved_cs_client */;

--
-- Dumping data for table `history`
--

LOCK TABLES `history` WRITE;
/*!40000 ALTER TABLE `history` DISABLE KEYS */;
INSERT INTO `history` VALUES (1,10,NULL,'WAKE 퀘스트 달성 보상',2),(4,10,'2023-11-02 17:20:10.218636','WAKE 퀘스트 달성 보상',2),(6,10,'2023-11-03 10:09:42.561939','기상 퀘스트 달성 보상',2),(7,10,'2023-11-03 13:29:04.072004','산책 퀘스트 달성 보상',2),(8,10,'2023-11-03 13:30:13.300336','하늘 사진 찍기 퀘스트 달성 보상',2),(13,10,'2023-11-03 15:08:22.340195','기상 퀘스트 달성 보상',512),(14,10,'2023-11-03 15:11:20.056125','기상 퀘스트 달성 보상',512),(15,10,'2023-11-03 15:13:51.470637','기상 퀘스트 달성 보상',512),(16,10,'2023-11-03 15:14:05.642141','기상 퀘스트 달성 보상',2),(17,10,'2023-11-03 15:14:15.061720','기상 퀘스트 달성 보상',512),(18,10,'2023-11-03 15:14:19.047856','기상 퀘스트 달성 보상',512),(19,10,'2023-11-03 15:14:21.757411','기상 퀘스트 달성 보상',512),(20,10,'2023-11-03 15:14:31.735909','기상 퀘스트 달성 보상',2),(21,10,'2023-11-03 15:14:34.104558','기상 퀘스트 달성 보상',512),(22,10,'2023-11-03 15:14:37.057382','기상 퀘스트 달성 보상',512),(23,10,'2023-11-03 15:15:35.782690','스쿼트 퀘스트 달성 보상',2),(24,10,'2023-11-03 15:15:54.467388','기상 퀘스트 달성 보상',512),(25,10,'2023-11-03 15:17:05.960606','스쿼트 퀘스트 달성 보상',512),(26,10,'2023-11-03 15:18:38.004189','기상 퀘스트 달성 보상',512),(27,10,'2023-11-03 15:32:11.407096','기상 퀘스트 달성 보상',514),(28,10,'2023-11-03 15:32:42.660664','기상 퀘스트 달성 보상',514),(29,10,'2023-11-03 15:34:41.007679','기상 퀘스트 달성 보상',514),(30,10,'2023-11-03 15:59:43.616284','기상 퀘스트 달성 보상',512),(32,10,'2023-11-03 16:45:41.766250','식사 퀘스트 달성 보상',512),(33,10,'2023-11-03 16:48:15.940904','식사 퀘스트 달성 보상',512),(34,10,'2023-11-03 16:55:15.474025','식사 퀘스트 달성 보상',512),(35,10,'2023-11-03 16:55:41.769801','식사 퀘스트 달성 보상',512),(36,10,'2023-11-03 16:56:30.554928','식사 퀘스트 달성 보상',512),(37,10,'2023-11-03 17:25:26.723721','식사 퀘스트 달성 보상',512),(38,10,'2023-11-06 09:29:03.450049','기상 퀘스트 달성 보상',512),(39,10,'2023-11-06 09:29:16.211069','식사 퀘스트 달성 보상',512),(40,10,'2023-11-06 09:57:55.556530','기상 퀘스트 달성 보상',512),(41,10,'2023-11-06 09:58:08.033099','식사 퀘스트 달성 보상',512),(42,10,'2023-11-06 10:11:29.777060','기상 퀘스트 달성 보상',512),(43,10,'2023-11-06 10:11:42.643826','식사 퀘스트 달성 보상',512),(44,10,'2023-11-06 13:48:43.184130','산책 퀘스트 달성 보상',512),(45,10,'2023-11-06 13:55:00.556774','스쿼트 퀘스트 달성 보상',512),(46,10,'2023-11-06 14:09:27.094419','친구와 약속 퀘스트 달성 보상',512),(47,10,'2023-11-06 14:31:14.429958','하늘 사진 찍기 퀘스트 달성 보상',512),(48,10,'2023-11-06 14:43:38.308292','하늘 사진 찍기 퀘스트 달성 보상',512),(49,10,'2023-11-06 14:56:24.007451','스트레칭 퀘스트 달성 보상',512),(50,10,'2023-11-06 15:23:25.573076','명상 퀘스트 달성 보상',512),(51,10,'2023-11-06 15:39:41.676305','기상 퀘스트 달성 보상',512),(52,10,'2023-11-06 15:39:48.907947','식사 퀘스트 달성 보상',512),(53,10,'2023-11-06 15:39:53.417931','산책 퀘스트 달성 보상',512),(54,10,'2023-11-06 15:40:01.283254','스쿼트 퀘스트 달성 보상',512),(55,10,'2023-11-06 15:40:06.019856','친구와 약속 퀘스트 달성 보상',512),(56,10,'2023-11-06 15:40:13.635354','하늘 사진 찍기 퀘스트 달성 보상',512),(57,10,'2023-11-06 15:40:19.018129','스트레칭 퀘스트 달성 보상',512),(58,10,'2023-11-06 15:40:23.008684','명상 퀘스트 달성 보상',512),(59,10,'2023-11-06 15:40:26.339726','물 마시기 퀘스트 달성 보상',512),(60,10,'2023-11-07 15:20:08.146895','산책 퀘스트 달성 보상',512),(61,10,'2023-11-07 15:20:13.353186','스쿼트 퀘스트 달성 보상',512),(65,10,'2023-11-07 15:27:30.620335','친구와 약속 퀘스트 달성 보상',2),(73,10,'2023-11-07 15:30:26.600705','친구와 약속 퀘스트 달성 보상',2),(76,10,'2023-11-07 15:39:14.491846','기상 퀘스트 달성 보상',512),(77,10,'2023-11-07 15:39:17.869041','친구와 약속 퀘스트 달성 보상',512),(78,10,'2023-11-07 15:39:21.440018','스트레칭 퀘스트 달성 보상',512),(79,10,'2023-11-07 15:39:24.350274','물 마시기 퀘스트 달성 보상',512),(80,10,'2023-11-07 15:40:23.391678','하늘 사진 찍기 퀘스트 달성 보상',512),(81,10,'2023-11-07 15:40:28.671783','명상 퀘스트 달성 보상',512),(82,10,'2023-11-07 07:34:26.802446','기상 퀘스트 달성 보상',20),(83,10,'2023-11-07 07:34:33.596647','기상 퀘스트 달성 보상',20),(84,10,'2023-11-07 07:34:43.889935','기상 퀘스트 달성 보상',20),(85,10,'2023-11-07 07:34:52.641024','기상 퀘스트 달성 보상',20),(86,10,'2023-11-07 07:35:08.320988','기상 퀘스트 달성 보상',20),(87,10,'2023-11-07 07:35:46.781393','기상 퀘스트 달성 보상',20),(88,10,'2023-11-07 07:36:08.589799','기상 퀘스트 달성 보상',20),(89,10,'2023-11-07 07:36:38.688600','기상 퀘스트 달성 보상',20),(90,10,'2023-11-07 07:36:56.560608','기상 퀘스트 달성 보상',20),(91,10,'2023-11-07 07:37:19.954978','기상 퀘스트 달성 보상',20),(92,10,'2023-11-08 10:19:53.715091','기상 퀘스트 달성 보상',20),(93,10,'2023-11-08 10:20:01.025177','산책 퀘스트 달성 보상',20),(94,10,'2023-11-08 01:26:29.128338','기상 퀘스트 달성 보상',20),(95,10,'2023-11-08 10:43:33.386633','기상 퀘스트 달성 보상',512),(96,-50,'2023-11-08 14:11:36.014902','아이템 구매',1),(97,-10,'2023-11-08 14:11:59.890746','아이템 구매',1),(98,-30,'2023-11-08 14:11:59.926363','아이템 구매',1),(99,-10,'2023-11-08 14:25:33.208092','아이템 구매',23),(104,10,'2023-11-08 16:52:53.343533','산책 퀘스트 달성 보상',2),(105,10,'2023-11-08 16:53:22.916800','산책 퀘스트 달성 보상',2),(106,10,'2023-11-08 16:53:46.006499','산책 퀘스트 달성 보상',2),(107,10,'2023-11-08 16:53:46.981608','산책 퀘스트 달성 보상',2),(108,10,'2023-11-08 16:53:48.187466','산책 퀘스트 달성 보상',2),(109,10,'2023-11-08 16:53:49.157513','산책 퀘스트 달성 보상',2),(110,10,'2023-11-08 16:53:50.133739','산책 퀘스트 달성 보상',2),(111,10,'2023-11-08 16:53:51.003605','산책 퀘스트 달성 보상',2),(112,10,'2023-11-08 16:54:00.268475','산책 퀘스트 달성 보상',2),(113,10,'2023-11-08 16:54:01.927223','산책 퀘스트 달성 보상',2),(114,10,'2023-11-08 17:05:53.676306','기상 퀘스트 달성 보상',2),(115,10,'2023-11-08 17:06:03.007585','기상 퀘스트 달성 보상',2),(116,10,'2023-11-08 17:06:04.018032','기상 퀘스트 달성 보상',2),(117,10,'2023-11-08 17:06:05.184565','기상 퀘스트 달성 보상',2),(118,10,'2023-11-08 17:06:06.104032','기상 퀘스트 달성 보상',2),(119,10,'2023-11-08 17:06:07.073976','기상 퀘스트 달성 보상',2),(120,10,'2023-11-08 17:06:07.963787','기상 퀘스트 달성 보상',2),(121,10,'2023-11-08 17:06:08.896288','기상 퀘스트 달성 보상',2),(122,10,'2023-11-08 17:06:09.836069','기상 퀘스트 달성 보상',2),(123,10,'2023-11-08 17:06:10.816348','기상 퀘스트 달성 보상',2),(124,30,'2023-11-08 17:06:10.895558','1단계 기상 퀘스트 뱃지 챌린지 달성 보상 을 받아보세요',2),(125,-50,'2023-11-08 17:28:00.633030','아이템 구매',23),(126,30,'2023-11-08 17:30:34.911523','1단계 출석체크 퀘스트 뱃지 챌린지 달성 보상 을 받아보세요',1),(128,10,'2023-11-09 01:09:40.061372','기상 퀘스트 달성 보상',538),(129,10,'2023-11-09 10:12:30.539801','기상 퀘스트 달성 보상',25),(130,10,'2023-11-09 10:12:40.424566','친구와 약속 퀘스트 달성 보상',25),(131,10,'2023-11-09 10:12:46.493858','기상 퀘스트 달성 보상',25),(132,10,'2023-11-09 10:12:48.431448','기상 퀘스트 달성 보상',25),(133,10,'2023-11-09 10:12:48.952804','기상 퀘스트 달성 보상',25),(134,10,'2023-11-09 10:12:49.107367','기상 퀘스트 달성 보상',25),(135,10,'2023-11-09 10:12:49.499189','기상 퀘스트 달성 보상',25),(136,10,'2023-11-09 10:12:53.000026','기상 퀘스트 달성 보상',25),(137,10,'2023-11-09 10:12:53.153077','기상 퀘스트 달성 보상',25),(138,10,'2023-11-09 10:12:53.321172','기상 퀘스트 달성 보상',25),(139,10,'2023-11-09 10:12:54.085324','기상 퀘스트 달성 보상',25),(140,10,'2023-11-09 10:12:54.243283','기상 퀘스트 달성 보상',25),(141,10,'2023-11-09 10:12:54.399276','기상 퀘스트 달성 보상',25),(142,10,'2023-11-09 10:12:55.765915','기상 퀘스트 달성 보상',25),(143,10,'2023-11-09 10:12:56.597328','기상 퀘스트 달성 보상',25),(144,10,'2023-11-09 10:12:56.785616','기상 퀘스트 달성 보상',25),(145,10,'2023-11-09 10:12:56.961506','기상 퀘스트 달성 보상',25),(146,10,'2023-11-09 10:12:57.114707','기상 퀘스트 달성 보상',25),(147,10,'2023-11-09 10:13:04.959838','기상 퀘스트 달성 보상',25),(148,10,'2023-11-09 10:13:05.117757','기상 퀘스트 달성 보상',25),(149,10,'2023-11-09 10:13:05.481546','기상 퀘스트 달성 보상',25),(150,10,'2023-11-09 10:13:05.758404','기상 퀘스트 달성 보상',25),(151,10,'2023-11-09 10:13:06.253039','기상 퀘스트 달성 보상',25),(152,10,'2023-11-09 10:13:06.655368','기상 퀘스트 달성 보상',25),(153,10,'2023-11-09 10:13:06.805703','기상 퀘스트 달성 보상',25),(154,10,'2023-11-09 10:13:06.975183','기상 퀘스트 달성 보상',25),(155,10,'2023-11-09 10:13:07.116915','기상 퀘스트 달성 보상',25),(156,10,'2023-11-09 10:13:07.286278','기상 퀘스트 달성 보상',25),(157,10,'2023-11-09 10:13:07.443309','기상 퀘스트 달성 보상',25),(158,10,'2023-11-09 10:13:07.896256','기상 퀘스트 달성 보상',25),(159,10,'2023-11-09 10:13:08.099718','기상 퀘스트 달성 보상',25),(160,10,'2023-11-09 10:14:26.290098','기상 퀘스트 달성 보상',512),(161,-30,'2023-11-09 10:21:34.686539','아이템 구매',23),(162,-10,'2023-11-09 10:25:10.182021','아이템 구매',1),(163,-30,'2023-11-09 10:25:10.235066','아이템 구매',1),(164,-30,'2023-11-09 10:27:35.542574','아이템 구매',23),(165,10,'2023-11-09 10:42:23.511139','산책 퀘스트 달성 보상',512),(166,10,'2023-11-09 10:42:27.727927','스쿼트 퀘스트 달성 보상',512),(167,10,'2023-11-09 10:42:30.052306','친구와 약속 퀘스트 달성 보상',512),(168,10,'2023-11-09 10:42:44.409361','명상 퀘스트 달성 보상',512),(169,10,'2023-11-09 10:42:47.899230','물 마시기 퀘스트 달성 보상',512),(170,10,'2023-11-09 10:42:57.565208','스트레칭 퀘스트 달성 보상',512),(171,10,'2023-11-09 01:48:18.707775','기상 퀘스트 달성 보상',538),(172,10,'2023-11-09 01:48:24.643527','기상 퀘스트 달성 보상',538),(173,10,'2023-11-09 01:50:08.281073','기상 퀘스트 달성 보상',538),(174,10,'2023-11-10 09:26:05.582270','산책 퀘스트 달성 보상',538),(175,10,'2023-11-10 09:26:17.356912','산책 퀘스트 달성 보상',538),(176,10,'2023-11-10 14:46:18.122142','기상 퀘스트 달성 보상',1),(177,10,'2023-11-10 06:10:38.287576','산책 퀘스트 달성 보상',538),(178,10,'2023-11-10 07:20:19.466331','산책 퀘스트 달성 보상',538),(179,10,'2023-11-10 07:21:42.818464','산책 퀘스트 달성 보상',538),(180,10,'2023-11-10 07:26:28.119892','산책 퀘스트 달성 보상',538),(181,10,'2023-11-10 07:47:00.338787','산책 퀘스트 달성 보상',538),(182,10,'2023-11-10 07:55:57.053473','산책 퀘스트 달성 보상',538),(186,-50,'2023-11-12 00:42:31.328979','아이템 구매',23),(187,-50,'2023-11-12 00:45:25.938793','아이템 구매',23),(188,10,'2023-11-12 01:19:14.282356','기상 퀘스트 달성 보상',23),(189,-10,'2023-11-12 02:25:03.313934','아이템 구매',23),(190,-50,'2023-11-12 02:26:34.703356','아이템 구매',23),(193,10,'2023-11-13 09:19:35.858503','기상 퀘스트 달성 보상',512),(194,10,'2023-11-13 10:09:41.794081','식사 퀘스트 달성 보상',512),(195,10,'2023-11-13 10:12:06.956371','하늘 사진 찍기 퀘스트 달성 보상',512),(196,-30,'2023-11-13 11:03:25.659674','아이템 구매',23),(197,-30,'2023-11-13 11:10:31.337491','아이템 구매',23),(198,-50,'2023-11-13 11:12:04.084500','아이템 구매',23),(199,-50,'2023-11-13 11:14:33.394361','아이템 구매',23),(200,-10,'2023-11-13 11:15:16.624639','아이템 구매',23),(201,-50,'2023-11-13 11:16:46.853975','아이템 구매',23),(202,-50,'2023-11-13 11:17:41.065174','아이템 구매',23),(203,-50,'2023-11-13 12:06:31.120982','아이템 구매',23),(204,-30,'2023-11-13 12:07:24.298635','아이템 구매',23),(205,-10,'2023-11-13 12:08:56.085946','아이템 구매',23),(206,10,'2023-11-13 04:20:13.061356','기상 퀘스트 달성 보상',2),(207,10,'2023-11-13 13:32:00.614426','기상 퀘스트 달성 보상',2),(208,10,'2023-11-13 13:32:28.907147','기상 퀘스트 달성 보상',2),(209,10,'2023-11-13 13:34:22.029129','기상 퀘스트 달성 보상',2),(210,10,'2023-11-13 13:34:46.853365','기상 퀘스트 달성 보상',2),(211,10,'2023-11-13 13:41:57.849841','기상 퀘스트 달성 보상',2),(212,10,'2023-11-13 14:03:04.518470','기상 퀘스트 달성 보상',2),(213,10,'2023-11-13 14:07:29.025130','식사 퀘스트 달성 보상',2),(214,10,'2023-11-13 14:08:46.373062','하늘 사진 찍기 퀘스트 달성 보상',2),(215,10,'2023-11-13 16:00:09.946167','스쿼트 퀘스트 달성 보상',1),(216,10,'2023-11-13 16:00:28.198270','친구와 약속 퀘스트 달성 보상',1),(217,10,'2023-11-13 16:00:28.290242','친구와 약속 퀘스트 달성 보상',1),(218,10,'2023-11-13 16:00:30.623043','친구와 약속 퀘스트 달성 보상',1),(219,10,'2023-11-13 16:00:31.471158','친구와 약속 퀘스트 달성 보상',1),(220,10,'2023-11-13 16:00:32.093779','친구와 약속 퀘스트 달성 보상',1),(221,10,'2023-11-13 16:00:45.930993','스트레칭 퀘스트 달성 보상',1),(222,10,'2023-11-13 16:00:52.516916','스트레칭 퀘스트 달성 보상',1),(223,10,'2023-11-13 16:00:53.084842','스트레칭 퀘스트 달성 보상',1),(224,10,'2023-11-13 16:00:53.382763','스트레칭 퀘스트 달성 보상',1),(225,10,'2023-11-13 16:00:53.589231','스트레칭 퀘스트 달성 보상',1),(226,10,'2023-11-13 16:00:53.795613','스트레칭 퀘스트 달성 보상',1),(227,10,'2023-11-13 16:01:02.412778','명상 퀘스트 달성 보상',1),(228,10,'2023-11-13 16:01:02.457575','명상 퀘스트 달성 보상',1),(229,10,'2023-11-13 16:01:02.844925','명상 퀘스트 달성 보상',1),(230,10,'2023-11-13 16:01:03.275257','명상 퀘스트 달성 보상',1),(231,10,'2023-11-13 16:01:03.503992','명상 퀘스트 달성 보상',1),(232,10,'2023-11-13 16:01:04.755973','명상 퀘스트 달성 보상',1),(233,10,'2023-11-13 16:01:07.918961','명상 퀘스트 달성 보상',1),(234,10,'2023-11-13 16:01:08.451918','명상 퀘스트 달성 보상',1),(235,10,'2023-11-13 16:01:08.940356','명상 퀘스트 달성 보상',1),(236,10,'2023-11-13 16:01:09.588574','명상 퀘스트 달성 보상',1),(237,30,'2023-11-13 16:01:09.613585','1단계 명상 퀘스트 뱃지 챌린지 달성 보상 을 받아보세요',1),(238,10,'2023-11-13 16:01:15.079102','명상 퀘스트 달성 보상',1),(239,10,'2023-11-13 16:01:15.696735','명상 퀘스트 달성 보상',1),(240,10,'2023-11-13 16:01:16.224284','명상 퀘스트 달성 보상',1),(241,10,'2023-11-13 16:01:21.101405','명상 퀘스트 달성 보상',1),(242,10,'2023-11-13 16:01:30.348366','스쿼트 퀘스트 달성 보상',1),(243,10,'2023-11-13 16:01:31.068442','스쿼트 퀘스트 달성 보상',1),(244,10,'2023-11-13 16:01:31.698721','스쿼트 퀘스트 달성 보상',1),(245,10,'2023-11-13 16:01:32.278474','스쿼트 퀘스트 달성 보상',1),(246,10,'2023-11-13 16:01:32.786219','스쿼트 퀘스트 달성 보상',1),(247,10,'2023-11-13 09:06:24.501072','산책 퀘스트 달성 보상',538),(248,10,'2023-11-13 19:08:43.456427','스쿼트 퀘스트 달성 보상',23),(249,-50,'2023-11-14 10:07:24.287257','아이템 구매',25),(250,-10,'2023-11-14 10:07:24.326294','아이템 구매',25),(251,10,'2023-11-14 10:10:17.679526','스트레칭 퀘스트 달성 보상',25),(252,-10,'2023-11-14 10:12:22.954111','아이템 구매',512),(253,-30,'2023-11-14 10:14:43.907325','아이템 구매',512),(254,10,'2023-11-14 10:16:15.913035','스쿼트 퀘스트 달성 보상',512),(255,10,'2023-11-14 10:16:29.817040','하늘 사진 찍기 퀘스트 달성 보상',512),(256,10,'2023-11-14 10:16:44.216168','스트레칭 퀘스트 달성 보상',512),(257,10,'2023-11-14 10:16:51.661101','명상 퀘스트 달성 보상',512),(258,10,'2023-11-14 10:23:14.317679','물 마시기 퀘스트 달성 보상',512),(259,-30,'2023-11-14 10:28:05.074897','아이템 구매',1),(260,-10,'2023-11-14 10:38:37.488389','아이템 구매',1),(261,-50,'2023-11-14 10:38:37.495481','아이템 구매',1),(262,-50,'2023-11-14 10:38:37.502075','아이템 구매',1),(263,-50,'2023-11-14 10:38:37.508645','아이템 구매',1),(264,10,'2023-11-14 10:43:27.291952','식사 퀘스트 달성 보상',512),(265,10,'2023-11-14 10:43:51.864686','산책 퀘스트 달성 보상',512),(266,10,'2023-11-14 11:17:30.107762','친구와 약속 퀘스트 달성 보상',1),(267,10,'2023-11-14 11:17:49.764410','스트레칭 퀘스트 달성 보상',1),(268,10,'2023-11-14 11:20:01.405801','스쿼트 퀘스트 달성 보상',580),(269,10,'2023-11-14 11:20:13.647138','스트레칭 퀘스트 달성 보상',580),(270,10,'2023-11-14 11:20:18.380957','물 마시기 퀘스트 달성 보상',580),(271,-30,'2023-11-14 11:52:06.888037','아이템 구매',23),(272,-50,'2023-11-14 11:52:06.893820','아이템 구매',23),(273,-30,'2023-11-14 11:52:06.899522','아이템 구매',23),(274,10,'2023-11-14 12:15:07.187942','물 마시기 퀘스트 달성 보상',581),(277,10,'2023-11-14 13:35:26.926784','식사 퀘스트 달성 보상',1),(278,-10,'2023-11-14 13:40:36.241132','아이템 구매',2),(279,-30,'2023-11-14 13:40:48.700073','아이템 구매',2),(280,-30,'2023-11-14 13:40:58.094146','아이템 구매',2),(281,-100,'2023-11-14 13:41:37.579631','아이템 구매',2),(282,-30,'2023-11-14 13:42:16.671912','아이템 구매',2),(283,10,'2023-11-14 14:09:04.567641','산책 퀘스트 달성 보상',2),(284,10,'2023-11-14 14:09:09.908355','친구와 약속 퀘스트 달성 보상',2),(285,10,'2023-11-14 14:09:19.108279','명상 퀘스트 달성 보상',2),(286,10,'2023-11-14 14:09:28.309405','스쿼트 퀘스트 달성 보상',2),(287,10,'2023-11-14 14:09:38.011515','스트레칭 퀘스트 달성 보상',2),(288,10,'2023-11-14 14:13:12.693771','산책 퀘스트 달성 보상',562),(289,10,'2023-11-14 14:14:01.095317','산책 퀘스트 달성 보상',562),(290,10,'2023-11-14 14:14:01.206350','산책 퀘스트 달성 보상',562),(291,10,'2023-11-14 14:16:19.380333','산책 퀘스트 달성 보상',562),(292,10,'2023-11-14 14:17:06.278997','산책 퀘스트 달성 보상',562),(293,10,'2023-11-14 14:17:51.257906','산책 퀘스트 달성 보상',562),(294,10,'2023-11-14 14:18:52.286307','산책 퀘스트 달성 보상',562),(295,10,'2023-11-14 14:19:33.247156','산책 퀘스트 달성 보상',562),(296,-50,'2023-11-14 14:58:01.162129','아이템 구매',1),(297,-30,'2023-11-14 14:58:01.179280','아이템 구매',1),(298,-30,'2023-11-14 14:58:01.189727','아이템 구매',1),(299,-30,'2023-11-14 14:58:28.631364','아이템 구매',1),(300,-50,'2023-11-14 14:58:28.638413','아이템 구매',1),(301,10,'2023-11-14 15:14:05.891225','물 마시기 퀘스트 달성 보상',2),(302,10,'2023-11-14 15:16:02.826920','기상 퀘스트 달성 보상',2),(303,10,'2023-11-14 15:18:07.064032','산책 퀘스트 달성 보상',25),(304,-50,'2023-11-14 15:18:52.117762','아이템 구매',2),(305,-30,'2023-11-14 15:18:52.123274','아이템 구매',2),(306,-50,'2023-11-14 15:18:52.128417','아이템 구매',2),(307,-50,'2023-11-14 15:18:52.134998','아이템 구매',2),(308,-100,'2023-11-14 15:21:36.207836','아이템 구매',23),(309,-50,'2023-11-14 15:22:25.722919','아이템 구매',23),(310,-30,'2023-11-14 15:50:35.877439','아이템 구매',23),(311,-50,'2023-11-14 15:58:51.091701','아이템 구매',23),(312,10,'2023-11-14 16:27:36.974156','산책 퀘스트 달성 보상',25),(313,10,'2023-11-14 16:30:17.123902','기상 퀘스트 달성 보상',25),(314,10,'2023-11-14 17:06:42.539525','식사 퀘스트 달성 보상',25),(315,10,'2023-11-14 17:07:19.412874','스쿼트 퀘스트 달성 보상',25),(316,10,'2023-11-14 17:07:21.242085','친구와 약속 퀘스트 달성 보상',25),(317,10,'2023-11-14 17:07:27.091785','명상 퀘스트 달성 보상',25),(318,10,'2023-11-14 17:07:30.474456','물 마시기 퀘스트 달성 보상',25),(319,-30,'2023-11-14 17:08:03.561499','아이템 구매',25),(320,10,'2023-11-15 09:02:33.871233','산책 퀘스트 달성 보상',538),(321,10,'2023-11-15 09:34:34.424178','산책 퀘스트 달성 보상',538),(322,10,'2023-11-15 09:35:15.838038','산책 퀘스트 달성 보상',538),(323,10,'2023-11-15 10:06:24.794073','식사 퀘스트 달성 보상',512),(324,10,'2023-11-15 10:10:16.095897','스쿼트 퀘스트 달성 보상',512),(325,10,'2023-11-15 10:12:57.299994','명상 퀘스트 달성 보상',512),(326,-200,'2023-11-15 10:59:55.386514','아이템 구매',23),(327,10,'2023-11-15 11:14:03.363206','산책 퀘스트 달성 보상',538),(328,10,'2023-11-15 11:14:18.076867','스쿼트 퀘스트 달성 보상',538),(329,-100,'2023-11-15 13:06:25.381794','아이템 구매',512),(330,10,'2023-11-15 13:09:32.065271','친구와 약속 퀘스트 달성 보상',512),(331,10,'2023-11-15 13:10:43.073417','하늘 사진 찍기 퀘스트 달성 보상',512),(332,10,'2023-11-15 13:38:22.506068','기상 퀘스트 달성 보상',512),(333,10,'2023-11-15 13:39:14.370292','스쿼트 퀘스트 달성 보상',2),(334,10,'2023-11-15 13:39:24.049483','스쿼트 퀘스트 달성 보상',2),(335,10,'2023-11-15 13:39:25.005801','스쿼트 퀘스트 달성 보상',2),(336,10,'2023-11-15 13:39:25.900156','스쿼트 퀘스트 달성 보상',2),(337,10,'2023-11-15 13:39:26.744305','스쿼트 퀘스트 달성 보상',2),(338,10,'2023-11-15 13:39:27.615168','스쿼트 퀘스트 달성 보상',2),(339,10,'2023-11-15 13:39:28.327156','스쿼트 퀘스트 달성 보상',2),(340,10,'2023-11-15 13:39:29.137737','스쿼트 퀘스트 달성 보상',2),(341,10,'2023-11-15 13:39:35.229443','스쿼트 퀘스트 달성 보상',2),(342,30,'2023-11-15 13:39:35.272482','1단계 스쿼트 퀘스트 뱃지 챌린지 달성 보상 을 받아보세요',2),(343,10,'2023-11-15 13:41:35.259982','산책 퀘스트 달성 보상',25),(344,10,'2023-11-15 13:41:37.483269','스쿼트 퀘스트 달성 보상',25),(345,10,'2023-11-15 13:41:39.217151','친구와 약속 퀘스트 달성 보상',25),(346,10,'2023-11-15 13:41:42.086319','스트레칭 퀘스트 달성 보상',25),(347,10,'2023-11-15 13:41:43.526706','명상 퀘스트 달성 보상',25),(348,10,'2023-11-15 13:41:45.346350','물 마시기 퀘스트 달성 보상',25),(349,10,'2023-11-15 13:41:48.062613','산책 퀘스트 달성 보상',512),(350,-100,'2023-11-15 13:47:43.026705','아이템 구매',25),(351,-100,'2023-11-15 13:49:31.618290','아이템 구매',1),(352,-30,'2023-11-15 13:53:16.173597','아이템 구매',25),(353,-30,'2023-11-15 13:53:37.653999','아이템 구매',25),(354,-30,'2023-11-15 13:53:52.930799','아이템 구매',2),(355,-200,'2023-11-15 13:53:52.945164','아이템 구매',2),(356,10,'2023-11-15 13:54:16.382443','물 마시기 퀘스트 달성 보상',512),(357,10,'2023-11-15 14:30:19.438254','물 마시기 퀘스트 달성 보상',607),(358,10,'2023-11-15 14:30:25.296286','친구와 약속 퀘스트 달성 보상',607),(359,10,'2023-11-15 14:30:28.249424','스쿼트 퀘스트 달성 보상',607),(361,-30,'2023-11-15 14:43:55.041966','아이템 구매',1),(362,-100,'2023-11-15 14:43:55.057991','아이템 구매',1),(363,-200,'2023-11-15 14:43:55.065666','아이템 구매',1),(364,10,'2023-11-15 14:44:11.887877','식사 퀘스트 달성 보상',1),(365,-30,'2023-11-15 14:46:54.758268','아이템 구매',25),(366,10,'2023-11-15 15:20:18.033696','하늘 사진 찍기 퀘스트 달성 보상',25),(367,-100,'2023-11-15 15:27:28.636487','아이템 구매',512),(368,-30,'2023-11-15 16:17:59.833691','아이템 구매',512),(369,10,'2023-11-15 16:24:12.966935','스트레칭 퀘스트 달성 보상',512),(370,10,'2023-11-15 16:53:38.665860','산책 퀘스트 달성 보상',2),(371,10,'2023-11-15 16:53:44.848681','친구와 약속 퀘스트 달성 보상',2),(372,-30,'2023-11-15 16:53:45.080196','아이템 구매',512),(373,-30,'2023-11-15 16:53:45.085744','아이템 구매',512),(374,10,'2023-11-15 16:58:01.363500','물 마시기 퀘스트 달성 보상',2),(375,10,'2023-11-15 16:58:19.104874','명상 퀘스트 달성 보상',2),(376,10,'2023-11-15 16:58:41.273163','하늘 사진 찍기 퀘스트 달성 보상',2),(377,10,'2023-11-15 16:59:05.417747','스트레칭 퀘스트 달성 보상',2),(378,-30,'2023-11-15 16:59:33.795977','아이템 구매',512),(379,-30,'2023-11-15 16:59:40.345700','아이템 구매',512),(380,10,'2023-11-15 17:00:02.148488','식사 퀘스트 달성 보상',25),(381,100,'2023-11-15 17:00:02.419482','11월 식사 챌린지 달성 보상',25),(382,-30,'2023-11-15 17:00:16.891354','아이템 구매',23),(383,-30,'2023-11-15 17:00:16.897200','아이템 구매',23),(384,-30,'2023-11-15 17:00:16.903306','아이템 구매',23),(385,-30,'2023-11-15 17:00:16.908864','아이템 구매',23),(386,-30,'2023-11-15 17:00:40.825010','아이템 구매',25),(387,-30,'2023-11-15 17:00:40.831209','아이템 구매',25),(388,-30,'2023-11-15 17:00:43.586836','아이템 구매',25),(389,-30,'2023-11-15 17:00:46.366890','아이템 구매',25),(390,-100,'2023-11-15 17:00:48.515362','아이템 구매',25),(391,-30,'2023-11-15 17:00:51.304457','아이템 구매',25),(392,-50,'2023-11-15 17:00:53.028165','아이템 구매',25),(393,-50,'2023-11-15 17:00:54.932505','아이템 구매',25),(394,-200,'2023-11-15 17:00:57.299873','아이템 구매',25),(395,-30,'2023-11-15 17:00:59.341134','아이템 구매',25),(396,10,'2023-11-15 17:01:03.879567','산책 퀘스트 달성 보상',1),(397,-50,'2023-11-15 17:01:04.456257','아이템 구매',25),(398,-30,'2023-11-15 17:01:07.148684','아이템 구매',25),(399,-30,'2023-11-15 17:01:09.733332','아이템 구매',25),(400,-50,'2023-11-15 17:01:12.516716','아이템 구매',25),(401,10,'2023-11-15 17:39:06.887002','기상 퀘스트 달성 보상',2),(402,100,'2023-11-15 17:39:07.466448','11월 기상 챌린지 달성 보상',2),(403,10,'2023-11-16 00:22:08.138649','친구와 약속 퀘스트 달성 보상',512),(404,-10,'2023-11-16 09:22:40.279207','아이템 구매',25),(405,10,'2023-11-16 09:23:47.543760','산책 퀘스트 달성 보상',25),(406,10,'2023-11-16 09:23:49.325103','스쿼트 퀘스트 달성 보상',25),(407,10,'2023-11-16 09:23:50.896866','친구와 약속 퀘스트 달성 보상',25),(408,10,'2023-11-16 09:24:00.672518','물 마시기 퀘스트 달성 보상',25),(409,10,'2023-11-16 09:46:18.763322','기상 퀘스트 달성 보상',2),(410,-100,'2023-11-16 09:50:52.268577','아이템 구매',538),(411,-30,'2023-11-16 09:50:52.274217','아이템 구매',538),(412,10,'2023-11-16 10:17:05.532017','스쿼트 퀘스트 달성 보상',616),(413,10,'2023-11-16 10:18:09.476985','물 마시기 퀘스트 달성 보상',538),(414,10,'2023-11-16 10:18:40.907377','식사 퀘스트 달성 보상',616),(415,10,'2023-11-16 13:03:20.167031','스쿼트 퀘스트 달성 보상',512),(416,10,'2023-11-16 13:04:13.625296','산책 퀘스트 달성 보상',512),(417,10,'2023-11-16 13:49:14.427668','식사 퀘스트 달성 보상',538),(418,10,'2023-11-16 15:37:49.512574','하늘 사진 찍기 퀘스트 달성 보상',538),(419,-10,'2023-11-16 15:49:01.502894','아이템 구매',538),(420,-200,'2023-11-16 15:49:01.521043','아이템 구매',538),(421,-30,'2023-11-16 15:49:01.527578','아이템 구매',538),(422,-30,'2023-11-16 15:49:01.534256','아이템 구매',538),(423,-30,'2023-11-16 16:09:04.348118','아이템 구매',512);
/*!40000 ALTER TABLE `history` ENABLE KEYS */;
UNLOCK TABLES;

--
-- Table structure for table `item`
--

DROP TABLE IF EXISTS `item`;
/*!40101 SET @saved_cs_client     = @@character_set_client */;
/*!50503 SET character_set_client = utf8mb4 */;
CREATE TABLE `item` (
  `price` int DEFAULT NULL,
  `item_id` bigint NOT NULL AUTO_INCREMENT,
  `media` varchar(255) COLLATE utf8mb4_general_ci DEFAULT NULL,
  `name` varchar(255) COLLATE utf8mb4_general_ci DEFAULT NULL,
  `category` varchar(255) COLLATE utf8mb4_general_ci DEFAULT NULL,
  `is_new` tinyint(1) NOT NULL,
  `thumbnail` varchar(255) COLLATE utf8mb4_general_ci DEFAULT NULL,
  PRIMARY KEY (`item_id`)
) ENGINE=InnoDB AUTO_INCREMENT=47 DEFAULT CHARSET=utf8mb4 COLLATE=utf8mb4_general_ci;
/*!40101 SET character_set_client = @saved_cs_client */;

--
-- Dumping data for table `item`
--

LOCK TABLES `item` WRITE;
/*!40000 ALTER TABLE `item` DISABLE KEYS */;
INSERT INTO `item` VALUES (0,1,NULL,'착용하지 않음','기타',0,NULL),(50,2,'https://bangle.s3.ap-northeast-2.amazonaws.com/f7db6e44-ad5b-4d22-a60e-ad9bfd0737c4.png','기본 배경','배경',1,'https://bangle.s3.ap-northeast-2.amazonaws.com/f7db6e44-ad5b-4d22-a60e-ad9bfd0737c4.png'),(10,9,'https://bangle.s3.ap-northeast-2.amazonaws.com/3b557100-cee7-4ccb-b3ab-ec1a4b9e199b.png','토끼 모자','모자',1,'https://bangle.s3.ap-northeast-2.amazonaws.com/3b557100-cee7-4ccb-b3ab-ec1a4b9e199b.png'),(30,13,'https://bangle.s3.ap-northeast-2.amazonaws.com/bd8a05ef-54ee-4c5e-8635-31d7c788ab8b.png','분홍 바지','하의',1,'https://bangle.s3.ap-northeast-2.amazonaws.com/376cf278-2f8f-45c2-afcc-a83be1d21ad8.png'),(30,14,'https://bangle.s3.ap-northeast-2.amazonaws.com/11210382-7291-431e-b750-b8b73e74c7a6.png','핑크 후드티','상의',1,'https://bangle.s3.ap-northeast-2.amazonaws.com/563a9332-99e8-453d-bf10-8f6fc182d3bb.png'),(50,15,'https://bangle.s3.ap-northeast-2.amazonaws.com/7e9e7624-23a2-4f01-9679-c7f06cdda563.png','초코막대','액세서리',1,'https://bangle.s3.ap-northeast-2.amazonaws.com/5ecd2976-5bdc-4f56-9ea7-0d5486332e84.png'),(50,16,'https://bangle.s3.ap-northeast-2.amazonaws.com/474c995c-e1e7-429b-8bd0-448a9121891f.png','후드는 회색이지','상의',1,'https://bangle.s3.ap-northeast-2.amazonaws.com/920b6563-a9ef-456e-b1bc-d14b2f90f905.png'),(30,18,'https://bangle.s3.ap-northeast-2.amazonaws.com/935af5bd-53ef-40b5-8b10-d3830f53d117.png','오징어게임 바지','하의',1,'https://bangle.s3.ap-northeast-2.amazonaws.com/9333093b-4da5-4368-9812-873b4e93a502.png'),(100,19,'https://bangle.s3.ap-northeast-2.amazonaws.com/3c6031f9-e06b-4e80-bcb7-423ebb0dc573.png','디토 별 바지','하의',1,'https://bangle.s3.ap-northeast-2.amazonaws.com/e9f05ab9-e496-4596-9009-ffd7fa2ab7c2.png'),(50,20,'https://bangle.s3.ap-northeast-2.amazonaws.com/fea424a5-191b-4481-b36b-bd47290916d9.png','외계인 머리띠','액세서리',1,'https://bangle.s3.ap-northeast-2.amazonaws.com/c8fcaddb-6cbe-426d-ad2a-886e59df0e5b.png'),(30,21,'https://bangle.s3.ap-northeast-2.amazonaws.com/40bef282-5e39-41cc-9eb1-73b445b427a9.png','외계인 선글라스','액세서리',1,'https://bangle.s3.ap-northeast-2.amazonaws.com/ef1932ff-73a2-4c98-be0d-8fb5cf196fab.png'),(50,22,'https://bangle.s3.ap-northeast-2.amazonaws.com/083c75ed-9bc4-49a7-ba15-880043fa39ee.png','발자국 맨투맨','상의',1,'https://bangle.s3.ap-northeast-2.amazonaws.com/94d5b6c5-e736-42b0-bf8c-060cb62f5e53.png'),(30,23,'https://bangle.s3.ap-northeast-2.amazonaws.com/5d9d0ee9-bb5b-40bb-b49c-d0976335c8be.png','고양이 젤리발','액세서리',1,'https://bangle.s3.ap-northeast-2.amazonaws.com/9dff414f-e224-4069-bb09-a925e2d9faa3.png'),(30,24,'https://bangle.s3.ap-northeast-2.amazonaws.com/467d4011-4a13-4c94-9d07-6d828285e1e0.png','오리발','신발',1,'https://bangle.s3.ap-northeast-2.amazonaws.com/1c06ccc4-f838-4f7e-9626-cb0a713a6e33.png'),(200,25,'https://bangle.s3.ap-northeast-2.amazonaws.com/6d6a1f7b-727d-4947-bedc-b9150e97346a.png','롱패딩','상의',1,'https://bangle.s3.ap-northeast-2.amazonaws.com/6d6a1f7b-727d-4947-bedc-b9150e97346a.png'),(30,26,'https://bangle.s3.ap-northeast-2.amazonaws.com/b37159b9-09e0-4db4-8a4a-f5ff7f671234.png','구름빵','배경',1,'https://bangle.s3.ap-northeast-2.amazonaws.com/b37159b9-09e0-4db4-8a4a-f5ff7f671234.png'),(100,28,'https://bangle.s3.ap-northeast-2.amazonaws.com/68a7ed58-bb96-4683-be6e-7eb5101ed551.png','싸피 14층','배경',1,'https://bangle.s3.ap-northeast-2.amazonaws.com/68a7ed58-bb96-4683-be6e-7eb5101ed551.png'),(30,29,'https://bangle.s3.ap-northeast-2.amazonaws.com/bf782a00-c8af-4ea1-a5d5-70d0b297975d.png','달 착륙','배경',1,'https://bangle.s3.ap-northeast-2.amazonaws.com/bf782a00-c8af-4ea1-a5d5-70d0b297975d.png'),(30,35,'https://bangle.s3.ap-northeast-2.amazonaws.com/2294b792-53b4-4c0c-9cc8-93ad32243c92.png','우주복 바지','하의',1,'https://bangle.s3.ap-northeast-2.amazonaws.com/cb63eacf-67a7-4501-8dda-9c0b5813d539.png'),(30,37,'https://bangle.s3.ap-northeast-2.amazonaws.com/6b07a3cb-27fe-413b-ba34-dbf9a1bc159b.png','우주 헬멧','모자',1,'https://bangle.s3.ap-northeast-2.amazonaws.com/fc7ad416-77e8-46aa-9f46-e14835f7e797.png'),(30,38,'https://bangle.s3.ap-northeast-2.amazonaws.com/458182ba-2046-4e16-ba44-5ade993cd3f7.png','우주복 상의','상의',1,'https://bangle.s3.ap-northeast-2.amazonaws.com/458182ba-2046-4e16-ba44-5ade993cd3f7.png'),(10,40,'https://bangle.s3.ap-northeast-2.amazonaws.com/dbf1a108-fcd0-4cc7-9308-8d19d080a5c2.png','빨간 식탁보','배경',1,'https://bangle.s3.ap-northeast-2.amazonaws.com/dbf1a108-fcd0-4cc7-9308-8d19d080a5c2.png'),(50,41,'https://bangle.s3.ap-northeast-2.amazonaws.com/62c727f9-decb-4abf-bdb6-6afa78add08b.png','공연장','배경',1,'https://bangle.s3.ap-northeast-2.amazonaws.com/62c727f9-decb-4abf-bdb6-6afa78add08b.png'),(50,44,'https://bangle.s3.ap-northeast-2.amazonaws.com/f99511a4-bb8c-4a20-8aef-57545bcd8cdd.png','이어마이크','액세서리',1,'https://bangle.s3.ap-northeast-2.amazonaws.com/21dbde93-0bd0-460f-a994-e01e2aaee55d.png'),(10,45,'https://bangle.s3.ap-northeast-2.amazonaws.com/fe0565cf-a794-4a2e-9a68-21c206174c3d.png','볼하트_빨강','액세서리',1,'https://bangle.s3.ap-northeast-2.amazonaws.com/93c7a4b9-a96e-4a90-947a-21679b1eca50.png'),(10,46,'https://bangle.s3.ap-northeast-2.amazonaws.com/b605c978-7639-4c5f-be48-c4028844251a.png','볼하트_초록','액세서리',1,'https://bangle.s3.ap-northeast-2.amazonaws.com/f9741dda-6c30-4542-9ba6-fa43365ec861.png');
/*!40000 ALTER TABLE `item` ENABLE KEYS */;
UNLOCK TABLES;

--
-- Table structure for table `member`
--

DROP TABLE IF EXISTS `member`;
/*!40101 SET @saved_cs_client     = @@character_set_client */;
/*!50503 SET character_set_client = utf8mb4 */;
CREATE TABLE `member` (
  `point` int DEFAULT NULL,
  `wakeup` time(6) DEFAULT NULL,
  `member_id` bigint NOT NULL AUTO_INCREMENT,
  `email` varchar(255) COLLATE utf8mb4_general_ci DEFAULT NULL,
  `name` varchar(255) COLLATE utf8mb4_general_ci DEFAULT NULL,
  `uid` varchar(255) COLLATE utf8mb4_general_ci DEFAULT NULL,
  `active` tinyint(1) DEFAULT NULL,
  `message_token` varchar(255) COLLATE utf8mb4_general_ci DEFAULT NULL,
  PRIMARY KEY (`member_id`),
  KEY `idx_uid` (`uid`)
) ENGINE=InnoDB AUTO_INCREMENT=626 DEFAULT CHARSET=utf8mb4 COLLATE=utf8mb4_general_ci;
/*!40101 SET character_set_client = @saved_cs_client */;

--
-- Dumping data for table `member`
--

LOCK TABLES `member` WRITE;
/*!40000 ALTER TABLE `member` DISABLE KEYS */;
INSERT INTO `member` VALUES (1030,'00:00:00.000000',1,'kys981207@naver.com','김멍멍','bQI72fxeHwUyAcQCSdesv7gaESb2',1,'e6qeI5avxgSXylpasdhSyA:APA91bEWdglOo9VfUcq2iY6_D_kjturCXb99IFiGn4UxufaAKSW7N_4q9HOLuQ9tK1o9OrYx86HD8RBebZ4VWi8er52lRvN37Y-UwdpSi1Gox1dVHhs3mBYgvCyXRvdG_D4cExf9W_wS'),(1090,'10:40:00.000000',2,'dbsdbxkrzz@naver.com','유탁','oZKgnRbDbPMx1gCSrLkxgobX1343',1,'e0OcunCgD1DpXJP9-WVbUL:APA91bH_f-7Dx1mCWRpBDf5RUI3KUhISqYoqXZPMvPE_OA-uOxdGNyihAd2u3GmrKds5bS9_Rv7DmlH4FemaD2Me9j8iqci7nIP-6cUYqSsCLiW48WKpfQW9wwBQOVHnByt-JOXsrJOI'),(0,NULL,3,'hunn2023@gmail.com','hun','del75f8eb13ad8765063030909f5',0,'fCuMufN5vMJiK1SR5vcQgJ:APA91bHXVoU62eY3cREHX_S07-m9dL5lzR5ZRrdBUE9L-akUOHm9VwnZ4f-_xpzrw5UcXxG7kwjfRr4UYb3uSBdPrF7AfvrwE-kJS_If_fNn9sqeLPhB993c4SZuv-nwTB7Y0vlFwqX-'),(0,NULL,6,'kys981207@gmail.com','[서울_5반_김영서]','lGrOAkrjD9aXnzDynTYT1vmxyFz1',1,NULL),(0,NULL,17,'hunn2023@gmail.com','hun','del75f8eb13ad8765063030909f5',0,'fCuMufN5vMJiK1SR5vcQgJ:APA91bHXVoU62eY3cREHX_S07-m9dL5lzR5ZRrdBUE9L-akUOHm9VwnZ4f-_xpzrw5UcXxG7kwjfRr4UYb3uSBdPrF7AfvrwE-kJS_If_fNn9sqeLPhB993c4SZuv-nwTB7Y0vlFwqX-'),(0,NULL,18,'hunn000@gmail.com','김동훈','wZMb8lDhmFSqqOk1kmswNvQ6ebB3',1,'fCuMufN5vMJiK1SR5vcQgJ:APA91bHXVoU62eY3cREHX_S07-m9dL5lzR5ZRrdBUE9L-akUOHm9VwnZ4f-_xpzrw5UcXxG7kwjfRr4UYb3uSBdPrF7AfvrwE-kJS_If_fNn9sqeLPhB993c4SZuv-nwTB7Y0vlFwqX-'),(0,NULL,19,'hunn2023@gmail.com','hun','del75f8eb13ad8765063030909f5',0,'fCuMufN5vMJiK1SR5vcQgJ:APA91bHXVoU62eY3cREHX_S07-m9dL5lzR5ZRrdBUE9L-akUOHm9VwnZ4f-_xpzrw5UcXxG7kwjfRr4UYb3uSBdPrF7AfvrwE-kJS_If_fNn9sqeLPhB993c4SZuv-nwTB7Y0vlFwqX-'),(130,'06:50:00.000000',20,'hunn2023@gmail.com','hun','del75f8eb13ad8765063030909f5',0,'d5o_KTw5qCkEnANxB4gl5x:APA91bGdg6-JaP8qQhJDxiPlCbcbqkQpEgm6C2QZCcfdQr4cOoX5z2AE-GZu9Arx02DmkoqJPX4Bevx-YHhNZIrpZYj0D2r75m4o-srneEBpDK4lMyxmkZznYBcVqBsRNtnvPoQlHxMk'),(0,NULL,21,NULL,NULL,'zSQWLMBRInPdNxVo7GtYTlvJqJu1',1,'d5o_KTw5qCkEnANxB4gl5x:APA91bGdg6-JaP8qQhJDxiPlCbcbqkQpEgm6C2QZCcfdQr4cOoX5z2AE-GZu9Arx02DmkoqJPX4Bevx-YHhNZIrpZYj0D2r75m4o-srneEBpDK4lMyxmkZznYBcVqBsRNtnvPoQlHxMk'),(620,'09:30:00.000000',23,'dnjswn9178@hanmail.net','조원주','2iKaw3tmmERWjmdH430azmqjvdi2',1,'d_eZue4UCe08Jlt2D0HY2v:APA91bHnTdtXFn5WLOUj3Vu-lOJzIi-HGEQ1DwmT14ZTG-tE8xLVIJ93ybkrdCdZ4OJvT9PFF37TuWHLuj734BfSJzxD6QPESa5NIPMHF7Z8gIYE98-gcdPTiRTwJ-RocDS3DdRJCA2o'),(5210,'16:50:00.000000',25,'nexusin@naver.com','이현복','RBOqhenXWWW3SGuzyGwBJ1sm2cr1',1,'cvVtLc-yJr78Vc_YAqi3xq:APA91bEBPz-DO2UwH-gOdDAkSECopWHOHGfjLTWQAC73sRCPjJasmo8RIvf4TVI2YFad3vermPVgTFDqHdepuGNQLybbF5M4iHGd1cnlABv3gX5suYnBXOzCA-QcAYyyWlUt4pKNsYGp'),(570,'06:50:00.000000',512,NULL,'이국신','1hczW9tsoddcAgY8ny9TdGNSBBc2',1,'fYt7iLdK0Vjl5tr-RN4Gby:APA91bHRmy63w0m-fbIpB81J6K4MK5MycvHoD4Hbu9rVq5vaR7t4_Q_ShD6q2Yv8c6NTs0u0oClFNfIexBrMzo60HWphKKP1wms21JCj4fL81fi9kTlvqzUamMXS1DNxKlC-7ZsbMZns'),(0,'07:50:00.000000',513,NULL,'나건','Q5BhRFIsIMQTG96SP1gp7axTyyr2',1,NULL),(30,'06:50:00.000000',514,'dbsdbxkrz@daum.net','유탁','VpMu7OgFgCTaVqjrg4ZwfLYY6Ww2',1,NULL),(0,NULL,518,'testEmail','testName','testUid',1,NULL),(0,NULL,535,'hunn2023@gmail.com','hun','del42217ddd7af7012d3bf64c8f5',0,'d5o_KTw5qCkEnANxB4gl5x:APA91bGdg6-JaP8qQhJDxiPlCbcbqkQpEgm6C2QZCcfdQr4cOoX5z2AE-GZu9Arx02DmkoqJPX4Bevx-YHhNZIrpZYj0D2r75m4o-srneEBpDK4lMyxmkZznYBcVqBsRNtnvPoQlHxMk'),(0,NULL,536,'hunn000@gmail.com','김동훈','deldf8fc7867a462545ae75b797b',0,'d5o_KTw5qCkEnANxB4gl5x:APA91bGdg6-JaP8qQhJDxiPlCbcbqkQpEgm6C2QZCcfdQr4cOoX5z2AE-GZu9Arx02DmkoqJPX4Bevx-YHhNZIrpZYj0D2r75m4o-srneEBpDK4lMyxmkZznYBcVqBsRNtnvPoQlHxMk'),(0,NULL,537,'hunn2023@gmail.com','hun','delbc6c1397969d8981d326f5860',0,'d5o_KTw5qCkEnANxB4gl5x:APA91bHEue69LC3mteyPrGrHDLxLFqFTFJ5EbMEp7yz9V1PBRXsCXgNRaPXNiHPl9jamNzk2yREiJq1LO6LJt-fU2H9wYxCmu8XgmbO10xouL6M3NrE4YxhIe-Zh6kwMxmbQFRVtpZWl'),(1470,'07:50:00.000000',538,'hunn2023@gmail.com','hun','RHG6BCuQwHUKzacRdedfXsebc4G3',1,'d5o_KTw5qCkEnANxB4gl5x:APA91bF-Qn_Klm0FGvssFoJC48wdeUz4762-tlsNbGaMGGTd4c62CmnjKg9xO3qK3dxEpev9sl_wG1n6FtSbi6KhTucJ8y0XZ_SL-G9k3fvCRkFMkx4JyYxuhB3GhP0F5w-1QC8LPzRl'),(0,'01:50:00.000000',557,'babel3126341@gmail.com','Babel Kl','dQPvvnfrZcXuodboQw3UzrbwjD52',1,'cwDOeR5MVumDRZoyX0mbZL:APA91bFGje5706Hgj6X0IGXB6olwFDF8a63t0H5QzriNZWveB7RuVjTe8JTyMYrL4rOagy-xIzmDg4gUOFK-41yegnNMkAJVXatq-2ManyHQEw0EXgjgT4-0WrKnTa_MosW8I3Hpheaq'),(0,'02:50:00.000000',558,'babel3126435@gmail.com','Babel KLMY','Ok3lY5hQd9a3A1tsXaYW0OzHkbq2',1,NULL),(0,NULL,559,'rxplus2019rxplus2019@gmail.com','John Doe','daA5cJKRq1aPCMMxWyPlyWDYOH52',1,NULL),(80,'01:50:00.000000',562,'hunn000@gmail.com','김동훈','sGN1JTdjrNh3brYOKWXs4KQDpR33',1,'f73D5n1WfS_fGIafmYu7n0:APA91bG9FKv7XnKL7H6uc2qLPQfBGxhecM747v5jd2txQlmiYzOnIAkwHRJq-MHq_iDlPpzuSJePf3UzwToUvL7RZ4PzVyOvpp3ZdNqpOT6x6qhj55OXHHetSiZttYAp29cwd5Hl5Ry_'),(110,'09:00:00.000000',580,'yung5487@naver.com','지용현','ypu6U1g5themto2d9LYjlSIuedk2',1,NULL),(20,'07:30:00.000000',581,'seosue0801@gmail.com','고서영','del2fba6533b91c5cb7a970fbaa7',0,NULL),(10,'07:20:00.000000',582,'sooth100@naver.com','김솔','eazqobi5ACP96o8DqEPWF6gPFC93',1,NULL),(0,NULL,594,'nw4611@gmail.com','gs l','D2lWl4ksd5OsvyNGlqPDZY0NDFr2',1,'fYt7iLdK0Vjl5tr-RN4Gby:APA91bEvMrKSAbdeyiimTk_R5Ecx_06Lkjo_xmXksJr0YamQr6HYLGUWC72-gWVm897vr50RAVat2RtibsPveKouoIvSa-V-QTUZD24faBAInq1etSEH3b6m-XTh2qklYs7As53_qGgJ'),(0,NULL,604,'userName','userEmail','userUid',1,'user message token'),(0,NULL,605,'userName','userEmail','userUid',1,'user message token'),(0,NULL,606,'userName','userEmail','userUid',1,'user message token'),(30,'20:20:00.000000',607,'johndoeisisback8@gmail.com','John Doe','2TQpiGXx8If48wYn4D2AkFNOj073',1,NULL),(0,NULL,608,'userName','userEmail','userUid',1,'user message token'),(0,NULL,609,'userName','userEmail','userUid',1,'user message token'),(0,NULL,610,'userName','userEmail','userUid',1,'user message token'),(0,NULL,611,'userName','userEmail','userUid',1,'user message token'),(0,NULL,612,'userName','userEmail','userUid',1,'user message token'),(0,NULL,613,'userName','userEmail','userUid',1,'user message token'),(0,NULL,614,'userName','userEmail','userUid',1,'user message token'),(0,NULL,615,'userName','userEmail','userUid',1,'user message token'),(20,'10:10:00.000000',616,'cheuora@gmail.com','성준킴','1BnTvSyMjVMcqAI6FtxbGBLsdNv2',1,NULL),(0,NULL,617,'userName','userEmail','userUid',1,'user message token'),(0,NULL,618,'userName','userEmail','userUid',1,'user message token'),(0,NULL,619,'userName','userEmail','userUid',1,'user message token'),(0,NULL,620,'userName','userEmail','userUid',1,'user message token'),(0,'13:30:00.000000',621,NULL,'양정훈','X8hry4huP4StL0VDxNYUl3vZmcX2',1,NULL),(0,NULL,624,'qookie1020@gmail.com','qookie','IEqXaT3Is7QPXU0GU0YfbrFKRpA2',1,'fpkyMmxa_8_QBnsalZ02Mv:APA91bH5N1XbWKmWyqhKYxGyVzDoFuEYv7Vf7O1mM-8fZmn_7rIR7P7ZB6Zqv_lVNDFpfo5IGl12yJMs6Rr3aw2sVoSBfE-TXeZ8GRQeJZfDq4ARqyt9nvIaWe-eiSC7pDu_TzAk7IxC'),(0,NULL,625,'qookie1020@gmail.com','qookie','IEqXaT3Is7QPXU0GU0YfbrFKRpA2',1,'fpkyMmxa_8_QBnsalZ02Mv:APA91bH5N1XbWKmWyqhKYxGyVzDoFuEYv7Vf7O1mM-8fZmn_7rIR7P7ZB6Zqv_lVNDFpfo5IGl12yJMs6Rr3aw2sVoSBfE-TXeZ8GRQeJZfDq4ARqyt9nvIaWe-eiSC7pDu_TzAk7IxC');
/*!40000 ALTER TABLE `member` ENABLE KEYS */;
UNLOCK TABLES;

--
-- Table structure for table `member_badge`
--

DROP TABLE IF EXISTS `member_badge`;
/*!40101 SET @saved_cs_client     = @@character_set_client */;
/*!50503 SET character_set_client = utf8mb4 */;
CREATE TABLE `member_badge` (
  `badge_id` bigint DEFAULT NULL,
  `created_at` datetime(6) DEFAULT NULL,
  `member_badge_id` bigint NOT NULL AUTO_INCREMENT,
  `member_id` bigint DEFAULT NULL,
  PRIMARY KEY (`member_badge_id`),
  KEY `FK39altb7wsyx1gyx3m492wf2kb` (`badge_id`),
  KEY `FKc9u2tetajy4dohtwi9dnpas07` (`member_id`),
  CONSTRAINT `FK39altb7wsyx1gyx3m492wf2kb` FOREIGN KEY (`badge_id`) REFERENCES `badge` (`badge_id`),
  CONSTRAINT `FKc9u2tetajy4dohtwi9dnpas07` FOREIGN KEY (`member_id`) REFERENCES `member` (`member_id`)
) ENGINE=InnoDB AUTO_INCREMENT=132 DEFAULT CHARSET=utf8mb4 COLLATE=utf8mb4_general_ci;
/*!40101 SET character_set_client = @saved_cs_client */;

--
-- Dumping data for table `member_badge`
--

LOCK TABLES `member_badge` WRITE;
/*!40000 ALTER TABLE `member_badge` DISABLE KEYS */;
INSERT INTO `member_badge` VALUES (1,NULL,1,1),(4,NULL,2,25),(4,NULL,3,25),(4,NULL,4,25),(4,NULL,5,25),(4,NULL,6,25),(4,NULL,7,25),(4,NULL,8,25),(4,NULL,9,25),(4,NULL,10,2),(5,NULL,11,2),(7,NULL,12,2),(13,NULL,13,2),(4,NULL,14,25),(4,NULL,15,25),(4,NULL,16,25),(4,NULL,17,25),(4,NULL,18,25),(4,NULL,19,25),(4,NULL,20,25),(4,NULL,21,25),(4,NULL,22,25),(4,NULL,23,25),(4,NULL,24,25),(4,NULL,25,25),(4,NULL,26,25),(4,NULL,27,25),(4,NULL,28,25),(4,NULL,29,25),(4,NULL,30,25),(4,NULL,31,25),(4,NULL,32,25),(4,NULL,33,25),(4,NULL,34,25),(4,NULL,35,25),(4,NULL,36,25),(4,NULL,37,25),(4,NULL,38,25),(4,NULL,39,25),(4,NULL,40,25),(4,NULL,41,25),(5,NULL,42,25),(4,NULL,43,1),(5,NULL,44,1),(7,NULL,45,1),(7,NULL,46,1),(8,NULL,47,1),(10,NULL,48,1),(4,NULL,49,1),(5,NULL,50,1),(5,NULL,51,1),(4,NULL,52,1),(5,NULL,53,1),(4,NULL,54,1),(5,NULL,55,1),(4,NULL,56,25),(4,NULL,57,25),(4,NULL,58,25),(4,NULL,59,25),(4,NULL,60,25),(7,NULL,61,25),(10,NULL,62,25),(11,NULL,63,25),(13,NULL,64,25),(7,NULL,65,25),(8,NULL,66,25),(10,NULL,67,25),(1,NULL,68,25),(2,NULL,69,25),(4,NULL,70,25),(8,NULL,71,25),(2,NULL,72,25),(8,NULL,73,25),(2,NULL,74,25),(2,NULL,75,25),(5,NULL,76,1),(2,NULL,77,25),(5,NULL,78,1),(5,NULL,79,1),(1,NULL,80,25),(1,NULL,81,25),(1,NULL,82,25),(6,NULL,83,1),(3,NULL,84,25),(9,NULL,85,25),(6,NULL,86,25),(6,NULL,87,2),(13,NULL,88,538),(14,NULL,89,538),(15,NULL,90,538),(1,NULL,91,538),(10,NULL,92,538),(16,NULL,93,538),(17,NULL,94,538),(18,NULL,95,538),(2,NULL,96,538),(3,NULL,97,538),(12,NULL,98,25),(16,NULL,99,25),(17,NULL,100,25),(19,NULL,101,25),(19,NULL,102,25),(19,NULL,103,25),(19,NULL,104,25),(19,NULL,105,25),(19,NULL,106,25),(19,NULL,107,25),(20,NULL,108,25),(21,NULL,109,25),(13,NULL,110,25),(14,NULL,111,25),(13,NULL,112,25),(15,NULL,113,25),(1,NULL,114,25),(2,NULL,115,25),(3,NULL,116,25),(16,NULL,117,25),(17,NULL,118,25),(7,NULL,119,25),(8,NULL,120,25),(9,NULL,121,25),(16,NULL,122,25),(17,NULL,123,25),(17,NULL,124,25),(7,NULL,125,25),(8,NULL,126,25),(9,NULL,127,25),(16,NULL,128,25),(17,NULL,129,25),(1,NULL,130,538),(2,NULL,131,538);
/*!40000 ALTER TABLE `member_badge` ENABLE KEYS */;
UNLOCK TABLES;

--
-- Table structure for table `member_item`
--

DROP TABLE IF EXISTS `member_item`;
/*!40101 SET @saved_cs_client     = @@character_set_client */;
/*!50503 SET character_set_client = utf8mb4 */;
CREATE TABLE `member_item` (
  `item_id` bigint DEFAULT NULL,
  `member_id` bigint DEFAULT NULL,
  `member_item_id` bigint NOT NULL AUTO_INCREMENT,
  `created_at` datetime(6) DEFAULT NULL,
  PRIMARY KEY (`member_item_id`),
  KEY `FK9enqbn035alkkr61q5t5soq19` (`item_id`),
  KEY `FK6ohv34vf9kikd89qigs1k3bko` (`member_id`),
  CONSTRAINT `FK6ohv34vf9kikd89qigs1k3bko` FOREIGN KEY (`member_id`) REFERENCES `member` (`member_id`),
  CONSTRAINT `FK9enqbn035alkkr61q5t5soq19` FOREIGN KEY (`item_id`) REFERENCES `item` (`item_id`)
) ENGINE=InnoDB AUTO_INCREMENT=116 DEFAULT CHARSET=utf8mb4 COLLATE=utf8mb4_general_ci;
/*!40101 SET character_set_client = @saved_cs_client */;

--
-- Dumping data for table `member_item`
--

LOCK TABLES `member_item` WRITE;
/*!40000 ALTER TABLE `member_item` DISABLE KEYS */;
INSERT INTO `member_item` VALUES (9,1,19,'2023-11-08 14:11:59.876736'),(14,1,20,'2023-11-08 14:11:59.916533'),(9,23,21,'2023-11-08 14:25:33.168839'),(13,23,23,'2023-11-09 10:21:34.638281'),(15,23,38,'2023-11-13 12:06:31.087122'),(14,23,39,'2023-11-13 12:07:24.284135'),(9,25,42,'2023-11-14 10:07:24.319294'),(9,512,43,'2023-11-14 10:12:22.930068'),(13,512,44,'2023-11-14 10:14:43.896290'),(13,1,45,'2023-11-14 10:28:05.023487'),(15,1,49,'2023-11-14 10:38:37.506051'),(18,23,50,'2023-11-14 11:52:06.884932'),(16,23,51,'2023-11-14 11:52:06.891300'),(21,23,52,'2023-11-14 11:52:06.897310'),(9,2,53,'2023-11-14 13:40:36.237511'),(24,2,54,'2023-11-14 13:40:48.697128'),(18,2,55,'2023-11-14 13:40:58.091380'),(19,2,56,'2023-11-14 13:41:37.576980'),(13,2,57,'2023-11-14 13:42:16.668876'),(20,1,58,'2023-11-14 14:58:01.120353'),(21,1,59,'2023-11-14 14:58:01.175921'),(23,1,60,'2023-11-14 14:58:01.186592'),(18,1,61,'2023-11-14 14:58:28.628140'),(22,1,62,'2023-11-14 14:58:28.635708'),(16,2,63,'2023-11-14 15:18:52.114714'),(21,2,64,'2023-11-14 15:18:52.121068'),(20,2,65,'2023-11-14 15:18:52.126309'),(15,2,66,'2023-11-14 15:18:52.132712'),(19,23,67,'2023-11-14 15:21:36.166604'),(22,23,68,'2023-11-14 15:22:25.711667'),(24,23,69,'2023-11-14 15:50:35.861827'),(20,23,70,'2023-11-14 15:58:51.080561'),(24,25,71,'2023-11-14 17:08:03.554668'),(25,23,72,'2023-11-15 10:59:55.328346'),(19,512,73,'2023-11-15 13:06:25.378148'),(28,25,74,'2023-11-15 13:47:43.020808'),(28,1,75,'2023-11-15 13:49:31.615055'),(26,25,76,'2023-11-15 13:53:16.166598'),(29,25,77,'2023-11-15 13:53:37.648750'),(29,2,78,'2023-11-15 13:53:52.886954'),(25,2,79,'2023-11-15 13:53:52.942418'),(24,1,80,'2023-11-15 14:43:55.000616'),(19,1,81,'2023-11-15 14:43:55.054872'),(25,1,82,'2023-11-15 14:43:55.062759'),(28,512,84,'2023-11-15 15:27:28.622486'),(37,512,88,'2023-11-15 16:59:33.792820'),(35,512,89,'2023-11-15 16:59:40.342718'),(29,23,90,'2023-11-15 17:00:16.888530'),(37,23,91,'2023-11-15 17:00:16.894913'),(35,23,92,'2023-11-15 17:00:16.900756'),(38,23,93,'2023-11-15 17:00:16.906622'),(37,25,94,'2023-11-15 17:00:40.822265'),(13,25,95,'2023-11-15 17:00:40.828633'),(18,25,96,'2023-11-15 17:00:43.584131'),(35,25,97,'2023-11-15 17:00:46.364159'),(19,25,98,'2023-11-15 17:00:48.512913'),(14,25,99,'2023-11-15 17:00:51.299933'),(22,25,100,'2023-11-15 17:00:53.025340'),(16,25,101,'2023-11-15 17:00:54.930149'),(25,25,102,'2023-11-15 17:00:57.297204'),(38,25,103,'2023-11-15 17:00:59.338598'),(15,25,104,'2023-11-15 17:01:04.453714'),(21,25,105,'2023-11-15 17:01:07.146004'),(23,25,106,'2023-11-15 17:01:09.730816'),(20,25,107,'2023-11-15 17:01:12.514234'),(40,25,108,'2023-11-16 09:22:40.229262'),(28,538,109,'2023-11-16 09:50:52.265105'),(37,538,110,'2023-11-16 09:50:52.272044'),(9,538,111,'2023-11-16 15:49:01.481093'),(25,538,112,'2023-11-16 15:49:01.517978'),(13,538,113,'2023-11-16 15:49:01.524951'),(24,538,114,'2023-11-16 15:49:01.531624'),(29,512,115,'2023-11-16 16:09:04.300951');
/*!40000 ALTER TABLE `member_item` ENABLE KEYS */;
UNLOCK TABLES;

--
-- Table structure for table `member_quest`
--

DROP TABLE IF EXISTS `member_quest`;
/*!40101 SET @saved_cs_client     = @@character_set_client */;
/*!50503 SET character_set_client = utf8mb4 */;
CREATE TABLE `member_quest` (
  `created_at` datetime(6) DEFAULT NULL,
  `member_id` bigint DEFAULT NULL,
  `member_quest_id` bigint NOT NULL AUTO_INCREMENT,
  `quest_id` bigint DEFAULT NULL,
  `image` varchar(255) COLLATE utf8mb4_general_ci DEFAULT NULL,
  PRIMARY KEY (`member_quest_id`),
  KEY `FKhkyo5wp3psiat37swutac4hj4` (`member_id`),
  KEY `FKgucg41d5gwsc9q3mkp6ffmt45` (`quest_id`),
  CONSTRAINT `FKgucg41d5gwsc9q3mkp6ffmt45` FOREIGN KEY (`quest_id`) REFERENCES `quest` (`quest_id`),
  CONSTRAINT `FKhkyo5wp3psiat37swutac4hj4` FOREIGN KEY (`member_id`) REFERENCES `member` (`member_id`)
) ENGINE=InnoDB AUTO_INCREMENT=404 DEFAULT CHARSET=utf8mb4 COLLATE=utf8mb4_general_ci;
/*!40101 SET character_set_client = @saved_cs_client */;

--
-- Dumping data for table `member_quest`
--

LOCK TABLES `member_quest` WRITE;
/*!40000 ALTER TABLE `member_quest` DISABLE KEYS */;
INSERT INTO `member_quest` VALUES ('2023-11-08 16:52:53.331560',2,184,3,NULL),('2023-11-08 16:53:22.895993',2,185,3,NULL),('2023-11-08 16:53:45.990045',2,186,3,NULL),('2023-11-08 16:53:46.971434',2,187,3,NULL),('2023-11-08 16:53:48.174334',2,188,3,NULL),('2023-11-08 16:53:49.144414',2,189,3,NULL),('2023-11-08 16:53:50.119527',2,190,3,NULL),('2023-11-08 16:53:50.991176',2,191,3,NULL),('2023-11-08 16:54:00.257322',2,192,3,NULL),('2023-11-08 16:54:01.917825',2,193,3,NULL),('2023-11-08 17:05:53.639419',2,194,1,NULL),('2023-11-08 17:06:02.992416',2,195,1,NULL),('2023-11-08 17:06:04.003268',2,196,1,NULL),('2023-11-08 17:06:05.168556',2,197,1,NULL),('2023-11-08 17:06:06.088927',2,198,1,NULL),('2023-11-08 17:06:07.061820',2,199,1,NULL),('2023-11-08 17:06:07.950131',2,200,1,NULL),('2023-11-08 17:06:08.882019',2,201,1,NULL),('2023-11-08 17:06:09.823986',2,202,1,NULL),('2023-11-08 17:06:10.805748',2,203,1,NULL),('2023-11-09 01:09:40.045854',538,205,1,NULL),('2023-11-09 10:12:30.516347',25,206,1,NULL),('2023-11-09 10:12:40.415565',25,207,5,NULL),('2023-11-09 10:12:46.486895',25,208,1,NULL),('2023-11-09 10:12:48.423851',25,209,1,NULL),('2023-11-09 10:12:48.943367',25,210,1,NULL),('2023-11-09 10:12:49.098397',25,211,1,NULL),('2023-11-09 10:12:49.490211',25,212,1,NULL),('2023-11-09 10:12:52.992044',25,213,1,NULL),('2023-11-09 10:12:53.146089',25,214,1,NULL),('2023-11-09 10:12:53.313446',25,215,1,NULL),('2023-11-09 10:12:54.076567',25,216,1,NULL),('2023-11-09 10:12:54.233474',25,217,1,NULL),('2023-11-09 10:12:54.392478',25,218,1,NULL),('2023-11-09 10:12:55.758581',25,219,1,NULL),('2023-11-09 10:12:56.589016',25,220,1,NULL),('2023-11-09 10:12:56.779138',25,221,1,NULL),('2023-11-09 10:12:56.955264',25,222,1,NULL),('2023-11-09 10:12:57.107625',25,223,1,NULL),('2023-11-09 10:13:04.951812',25,224,1,NULL),('2023-11-09 10:13:05.109775',25,225,1,NULL),('2023-11-09 10:13:05.474591',25,226,1,NULL),('2023-11-09 10:13:05.752393',25,227,1,NULL),('2023-11-09 10:13:06.240622',25,228,1,NULL),('2023-11-09 10:13:06.647358',25,229,1,NULL),('2023-11-09 10:13:06.796172',25,230,1,NULL),('2023-11-09 10:13:06.968187',25,231,1,NULL),('2023-11-09 10:13:07.108974',25,232,1,NULL),('2023-11-09 10:13:07.279844',25,233,1,NULL),('2023-11-09 10:13:07.433309',25,234,1,NULL),('2023-11-09 10:13:07.889223',25,235,1,NULL),('2023-11-09 10:13:08.092710',25,236,1,NULL),('2023-11-09 10:14:26.262943',512,237,1,NULL),('2023-11-09 10:42:23.491839',512,238,3,NULL),('2023-11-09 10:42:27.717357',512,239,4,NULL),('2023-11-09 10:42:30.040082',512,240,5,NULL),('2023-11-09 10:42:44.400347',512,241,7,NULL),('2023-11-09 10:42:47.890206',512,242,8,NULL),('2023-11-09 10:42:57.555701',512,243,9,NULL),('2023-11-09 01:48:18.696059',538,244,1,NULL),('2023-11-09 01:48:24.632173',538,245,1,NULL),('2023-11-09 01:50:08.267756',538,246,1,NULL),('2023-11-10 14:46:18.098134',1,249,1,NULL),('2023-11-10 07:55:57.014819',538,255,3,NULL),('2023-11-12 01:19:14.255658',23,259,1,NULL),('2023-11-13 09:19:35.848477',512,262,1,NULL),('2023-11-13 10:09:41.783470',512,263,2,'https://bangle.s3.ap-northeast-2.amazonaws.com/a15b8360-42ac-4f72-9571-0ac7109aba7f.png'),('2023-11-13 10:12:06.941693',512,264,6,'https://bangle.s3.ap-northeast-2.amazonaws.com/9c4018de-2d4f-4c0b-bafc-5d4989f35b70.png'),('2023-11-13 04:20:13.039653',2,265,1,NULL),('2023-11-13 13:32:00.570768',2,266,1,NULL),('2023-11-13 13:32:28.898694',2,267,1,NULL),('2023-11-13 13:34:21.994976',2,268,1,NULL),('2023-11-13 13:34:46.844355',2,269,1,NULL),('2023-11-13 13:41:57.816319',2,270,1,NULL),('2023-11-13 14:03:04.489192',2,271,1,NULL),('2023-11-13 14:07:29.015475',2,272,2,'https://bangle.s3.ap-northeast-2.amazonaws.com/09f57aff-3529-4c43-8417-fe63fb9b9ed2.png'),('2023-11-13 14:08:46.358751',2,273,6,'https://bangle.s3.ap-northeast-2.amazonaws.com/54a47415-1aff-42eb-87dc-b3200dfe57b7.png'),('2023-11-13 16:00:09.936920',1,274,4,NULL),('2023-11-13 16:00:28.192220',1,275,5,NULL),('2023-11-13 16:00:28.284243',1,276,5,NULL),('2023-11-13 16:00:30.617178',1,277,5,NULL),('2023-11-13 16:00:31.464333',1,278,5,NULL),('2023-11-13 16:00:32.087735',1,279,5,NULL),('2023-11-13 16:00:45.925218',1,280,9,NULL),('2023-11-13 16:00:52.509522',1,281,9,NULL),('2023-11-13 16:00:53.078350',1,282,9,NULL),('2023-11-13 16:00:53.376803',1,283,9,NULL),('2023-11-13 16:00:53.583231',1,284,9,NULL),('2023-11-13 16:00:53.791007',1,285,9,NULL),('2023-11-13 16:01:02.407001',1,286,7,NULL),('2023-11-13 16:01:02.443338',1,287,7,NULL),('2023-11-13 16:01:02.838817',1,288,7,NULL),('2023-11-13 16:01:03.269256',1,289,7,NULL),('2023-11-13 16:01:03.498896',1,290,7,NULL),('2023-11-13 16:01:04.747634',1,291,7,NULL),('2023-11-13 16:01:07.913048',1,292,7,NULL),('2023-11-13 16:01:08.441308',1,293,7,NULL),('2023-11-13 16:01:08.934357',1,294,7,NULL),('2023-11-13 16:01:09.583739',1,295,7,NULL),('2023-11-13 16:01:15.071932',1,296,7,NULL),('2023-11-13 16:01:15.691647',1,297,7,NULL),('2023-11-13 16:01:16.217693',1,298,7,NULL),('2023-11-13 16:01:21.095388',1,299,7,NULL),('2023-11-13 16:01:30.342367',1,300,4,NULL),('2023-11-13 16:01:31.062801',1,301,4,NULL),('2023-11-13 16:01:31.692722',1,302,4,NULL),('2023-11-13 16:01:32.272405',1,303,4,NULL),('2023-11-13 16:01:32.781460',1,304,4,NULL),('2023-11-13 09:06:24.471633',538,305,3,NULL),('2023-11-13 19:08:43.434092',23,306,4,NULL),('2023-11-14 10:10:17.670490',25,307,9,NULL),('2023-11-14 10:16:15.898299',512,308,4,NULL),('2023-11-14 10:16:29.806993',512,309,6,'https://bangle.s3.ap-northeast-2.amazonaws.com/0aaf427d-ed4a-43d7-9bbd-073908f6d9ca.png'),('2023-11-14 10:16:44.205677',512,310,9,NULL),('2023-11-14 10:16:51.635100',512,311,7,NULL),('2023-11-14 10:23:14.308080',512,312,8,NULL),('2023-11-14 10:43:27.165610',512,313,2,'https://bangle.s3.ap-northeast-2.amazonaws.com/74353c92-a593-4a00-9b06-4d110384547a.png'),('2023-11-14 10:43:51.853005',512,314,3,NULL),('2023-11-14 11:17:30.094036',1,315,5,NULL),('2023-11-14 11:17:49.761823',1,316,9,NULL),('2023-11-14 11:20:01.403157',580,317,4,NULL),('2023-11-14 11:20:13.644680',580,318,9,NULL),('2023-11-14 11:20:18.377962',580,319,8,NULL),('2023-11-14 12:15:07.185414',581,320,8,NULL),('2023-11-14 13:27:26.653829',2,321,6,'https://bangle.s3.ap-northeast-2.amazonaws.com/d015db3b-8665-4bf6-b3fe-8dc8189c1bf2.png'),('2023-11-14 13:27:32.371116',2,322,2,'https://bangle.s3.ap-northeast-2.amazonaws.com/24662d2c-205e-4b9c-94b8-6d3d674389f3.png'),('2023-11-14 13:35:26.888244',1,323,2,'https://bangle.s3.ap-northeast-2.amazonaws.com/9a875ddc-de53-4677-87a8-a22881ea19e9.png'),('2023-11-14 14:09:04.565130',2,324,3,NULL),('2023-11-14 14:09:09.905685',2,325,5,NULL),('2023-11-14 14:09:19.105854',2,326,7,NULL),('2023-11-14 14:09:28.306949',2,327,4,NULL),('2023-11-14 14:09:38.009143',2,328,9,NULL),('2023-11-14 14:13:12.664444',562,329,3,NULL),('2023-11-14 14:14:01.092198',562,330,3,NULL),('2023-11-14 14:14:01.203110',562,331,3,NULL),('2023-11-14 14:16:19.377578',562,332,3,NULL),('2023-11-14 14:17:06.276175',562,333,3,NULL),('2023-11-14 14:17:51.255125',562,334,3,NULL),('2023-11-14 14:18:52.283574',562,335,3,NULL),('2023-11-14 14:19:33.243913',562,336,3,NULL),('2023-11-14 15:14:05.880803',2,337,8,NULL),('2023-11-14 15:16:02.824214',2,338,1,NULL),('2023-11-14 15:18:07.052197',25,339,3,NULL),('2023-11-14 16:27:36.923205',25,340,3,NULL),('2023-11-14 16:30:17.109182',25,341,1,NULL),('2023-11-14 17:06:42.507526',25,342,2,'https://bangle.s3.ap-northeast-2.amazonaws.com/f51119a2-0db5-4591-b4e7-983aed84f1ca.png'),('2023-11-14 17:07:19.405399',25,343,4,NULL),('2023-11-14 17:07:21.234087',25,344,5,NULL),('2023-11-14 17:07:27.085525',25,345,7,NULL),('2023-11-14 17:07:30.462692',25,346,8,NULL),('2023-11-15 09:35:15.817095',538,349,3,NULL),('2023-11-15 10:06:24.759309',512,350,2,'https://bangle.s3.ap-northeast-2.amazonaws.com/523c98a5-5648-4885-b0b9-9ce50da83a79.png'),('2023-11-15 10:10:16.086895',512,351,4,NULL),('2023-11-15 10:12:57.292044',512,352,7,NULL),('2023-11-15 11:14:03.317931',538,353,3,NULL),('2023-11-15 11:14:18.073639',538,354,4,NULL),('2023-11-15 13:09:32.062599',512,355,5,NULL),('2023-11-15 13:10:43.070755',512,356,6,'https://bangle.s3.ap-northeast-2.amazonaws.com/afc63b15-bfac-4f66-9b65-fa0eec034fd3.png'),('2023-11-15 13:38:22.495830',512,357,1,NULL),('2023-11-15 13:39:14.358578',2,358,4,NULL),('2023-11-15 13:39:24.040061',2,359,4,NULL),('2023-11-15 13:39:24.993061',2,360,4,NULL),('2023-11-15 13:39:25.891156',2,361,4,NULL),('2023-11-15 13:39:26.733457',2,362,4,NULL),('2023-11-15 13:39:27.604911',2,363,4,NULL),('2023-11-15 13:39:28.317727',2,364,4,NULL),('2023-11-15 13:39:29.124979',2,365,4,NULL),('2023-11-15 13:39:35.221470',2,366,4,NULL),('2023-11-15 13:41:35.243947',25,367,3,NULL),('2023-11-15 13:41:37.478043',25,368,4,NULL),('2023-11-15 13:41:39.208919',25,369,5,NULL),('2023-11-15 13:41:42.066741',25,370,9,NULL),('2023-11-15 13:41:43.520691',25,371,7,NULL),('2023-11-15 13:41:45.339240',25,372,8,NULL),('2023-11-15 13:41:48.059786',512,373,3,NULL),('2023-11-15 13:54:16.368442',512,374,8,NULL),('2023-11-15 14:30:19.426290',607,375,8,NULL),('2023-11-15 14:30:25.261978',607,376,5,NULL),('2023-11-15 14:30:28.244338',607,377,4,NULL),('2023-11-15 14:44:11.881556',1,379,2,'https://bangle.s3.ap-northeast-2.amazonaws.com/cf701371-305c-4ccc-ae82-cbe77ca3cbeb.png'),('2023-11-15 15:20:18.024226',25,380,6,'https://bangle.s3.ap-northeast-2.amazonaws.com/d035288e-3a9e-4b2b-a4c8-11c23272e3d3.png'),('2023-11-15 16:24:12.926543',512,381,9,NULL),('2023-11-15 16:53:38.655509',2,382,3,NULL),('2023-11-15 16:53:44.846189',2,383,5,NULL),('2023-11-15 16:58:01.352912',2,384,8,NULL),('2023-11-15 16:58:19.101580',2,385,7,NULL),('2023-11-15 16:58:41.270407',2,386,6,'https://bangle.s3.ap-northeast-2.amazonaws.com/0d66edfe-6f66-4df3-a764-a50ac6c3146a.png'),('2023-11-15 16:59:05.414884',2,387,9,NULL),('2023-11-15 17:00:02.145279',25,388,2,'https://bangle.s3.ap-northeast-2.amazonaws.com/f9a12b53-7248-47d7-acfe-b3be1d2a4a01.png'),('2023-11-15 17:01:03.877188',1,389,3,NULL),('2023-11-15 17:39:06.855487',2,390,1,NULL),('2023-11-16 00:22:08.112634',512,391,5,NULL),('2023-11-16 09:23:47.537890',25,392,3,NULL),('2023-11-16 09:23:49.322410',25,393,4,NULL),('2023-11-16 09:23:50.894362',25,394,5,NULL),('2023-11-16 09:24:00.669917',25,395,8,NULL),('2023-11-16 09:46:18.760783',2,396,1,NULL),('2023-11-16 10:17:05.529673',616,397,4,NULL),('2023-11-16 10:18:09.474657',538,398,8,NULL),('2023-11-16 10:18:40.904936',616,399,2,'https://bangle.s3.ap-northeast-2.amazonaws.com/a8d187a7-6b83-4357-b979-d733a8504da0.png'),('2023-11-16 13:03:20.134598',512,400,4,NULL),('2023-11-16 13:04:13.622348',512,401,3,NULL),('2023-11-14 15:37:49.481000',538,403,6,'https://bangle.s3.ap-northeast-2.amazonaws.com/bf6bf88f-2677-45ce-b60a-c9a6a8050ab9.jpg');
/*!40000 ALTER TABLE `member_quest` ENABLE KEYS */;
UNLOCK TABLES;

--
-- Table structure for table `mouth`
--

DROP TABLE IF EXISTS `mouth`;
/*!40101 SET @saved_cs_client     = @@character_set_client */;
/*!50503 SET character_set_client = utf8mb4 */;
CREATE TABLE `mouth` (
  `mouth_id` bigint NOT NULL AUTO_INCREMENT,
  `image` varchar(255) COLLATE utf8mb4_general_ci DEFAULT NULL,
  PRIMARY KEY (`mouth_id`)
) ENGINE=InnoDB AUTO_INCREMENT=9 DEFAULT CHARSET=utf8mb4 COLLATE=utf8mb4_general_ci;
/*!40101 SET character_set_client = @saved_cs_client */;

--
-- Dumping data for table `mouth`
--

LOCK TABLES `mouth` WRITE;
/*!40000 ALTER TABLE `mouth` DISABLE KEYS */;
INSERT INTO `mouth` VALUES (1,'https://bangle.s3.ap-northeast-2.amazonaws.com/ded49948-fbf8-4a95-a9f8-687141fd799e.png'),(2,'https://bangle.s3.ap-northeast-2.amazonaws.com/2b9e7fc0-71e3-4a80-8b6d-f37638b674d4.png'),(3,'https://bangle.s3.ap-northeast-2.amazonaws.com/f34fe424-092d-4355-807a-7ccb351d4a52.png'),(4,'https://bangle.s3.ap-northeast-2.amazonaws.com/d8b1a526-706a-439f-a7f9-b502f0c888d0.png'),(5,'https://bangle.s3.ap-northeast-2.amazonaws.com/77d38cd2-aa1a-4ded-a0e5-2755965ad41e.png'),(6,'https://bangle.s3.ap-northeast-2.amazonaws.com/fc593e7b-1073-4b79-bbb9-03dbf26e1280.png');
/*!40000 ALTER TABLE `mouth` ENABLE KEYS */;
UNLOCK TABLES;

--
-- Table structure for table `notification`
--

DROP TABLE IF EXISTS `notification`;
/*!40101 SET @saved_cs_client     = @@character_set_client */;
/*!50503 SET character_set_client = utf8mb4 */;
CREATE TABLE `notification` (
  `notification_id` bigint NOT NULL AUTO_INCREMENT,
  `category` enum('Alarm','Challenge','Cookie','Heart','Item','Quest') COLLATE utf8mb4_general_ci DEFAULT NULL,
  `created_at` datetime(6) DEFAULT NULL,
  `info` varchar(255) COLLATE utf8mb4_general_ci DEFAULT NULL,
  `member_id` bigint DEFAULT NULL,
  PRIMARY KEY (`notification_id`),
  KEY `FK1xep8o2ge7if6diclyyx53v4q` (`member_id`),
  CONSTRAINT `FK1xep8o2ge7if6diclyyx53v4q` FOREIGN KEY (`member_id`) REFERENCES `member` (`member_id`)
) ENGINE=InnoDB AUTO_INCREMENT=72 DEFAULT CHARSET=utf8mb4 COLLATE=utf8mb4_general_ci;
/*!40101 SET character_set_client = @saved_cs_client */;

--
-- Dumping data for table `notification`
--

LOCK TABLES `notification` WRITE;
/*!40000 ALTER TABLE `notification` DISABLE KEYS */;
INSERT INTO `notification` VALUES (1,'Alarm','2023-11-04 16:12:04.000000','alarmInfo',20),(2,'Challenge','2023-11-04 16:12:16.000000','challengeName',20),(3,'Cookie','2023-11-05 16:12:53.000000','cookieName',20),(4,'Heart','2023-11-05 16:13:06.000000','cookieName',20),(5,'Item','2023-11-06 16:13:26.000000','itemName',20),(6,'Quest','2023-11-06 16:13:40.000000','questName',20),(7,'Heart','2023-11-14 10:39:17.938920','오쿠키',562),(8,'Heart','2023-11-14 10:41:36.859741','오쿠키',562),(9,'Heart','2023-11-14 10:47:07.795857','오쿠키',562),(10,'Heart','2023-11-14 10:47:38.016797','오쿠키',562),(11,'Heart','2023-11-14 10:55:28.167905','오쿠키',562),(12,'Heart','2023-11-14 11:25:28.041614','오쿠키',562),(13,'Heart','2023-11-14 11:55:28.573849','오쿠키',562),(14,'Heart','2023-11-14 12:25:29.280176','오쿠키',562),(19,'Heart','2023-11-15 13:02:56.446036','오쿠키',512),(20,'Heart','2023-11-15 13:02:58.597159','오쿠키',512),(22,'Heart','2023-11-15 13:07:26.131900','오쿠키',512),(23,'Heart','2023-11-15 13:08:16.607781','오쿠키',512),(28,'Heart','2023-11-15 13:45:46.850217','오쿠키',538),(34,'Heart','2023-11-15 14:26:09.274356','오쿠키',538),(35,'Heart','2023-11-15 14:48:57.614933','오쿠키',25),(36,'Heart','2023-11-15 15:09:20.417971','오쿠키',538),(37,'Heart','2023-11-15 15:36:56.262771','오쿠키',512),(39,'Heart','2023-11-15 15:46:59.317496','오쿠키',1),(40,'Heart','2023-11-15 15:47:08.742481','오쿠키',512),(41,'Heart','2023-11-15 15:48:05.872795','오쿠키',1),(44,'Heart','2023-11-15 15:52:07.077237','오쿠키',23),(45,'Heart','2023-11-15 15:52:27.804277','오쿠키',1),(46,'Heart','2023-11-15 15:52:40.493862','오쿠키',512),(47,'Heart','2023-11-15 15:55:06.208559','오쿠키',1),(49,'Challenge','2023-11-15 17:00:02.422466','EAT',25),(50,'Challenge','2023-11-15 17:39:07.469954','WAKE',2),(51,'Heart','2023-11-16 09:47:21.021794','오쿠키',2),(52,'Heart','2023-11-16 09:53:12.260812','오쿠키',538),(53,'Heart','2023-11-16 10:17:21.743011','오쿠키',2),(54,'Heart','2023-11-16 10:17:21.974183','오쿠키',538),(55,'Heart','2023-11-16 10:47:22.488277','오쿠키',2),(57,'Heart','2023-11-16 11:17:23.488030','오쿠키',2),(58,'Heart','2023-11-16 11:17:23.779756','오쿠키',538),(59,'Heart','2023-11-16 11:47:24.200780','오쿠키',2),(65,'Heart','2023-11-16 14:22:34.101937','오쿠키',538),(66,'Heart','2023-11-16 14:35:27.718186','오쿠키',538),(67,'Heart','2023-11-16 14:37:37.280675','오쿠키',538),(68,'Heart','2023-11-16 14:43:22.320282','오쿠키',538),(69,'Heart','2023-11-16 14:50:50.576619','오쿠키',538),(70,'Heart','2023-11-16 14:59:37.474430','오쿠키',538),(71,'Heart','2023-11-16 15:29:37.407711','오쿠키',538);
/*!40000 ALTER TABLE `notification` ENABLE KEYS */;
UNLOCK TABLES;

--
-- Table structure for table `quest`
--

DROP TABLE IF EXISTS `quest`;
/*!40101 SET @saved_cs_client     = @@character_set_client */;
/*!50503 SET character_set_client = utf8mb4 */;
CREATE TABLE `quest` (
  `quest_id` bigint NOT NULL AUTO_INCREMENT,
  `content` varchar(255) COLLATE utf8mb4_general_ci DEFAULT NULL,
  `media` varchar(255) COLLATE utf8mb4_general_ci DEFAULT NULL,
  `name` varchar(255) COLLATE utf8mb4_general_ci DEFAULT NULL,
  PRIMARY KEY (`quest_id`)
) ENGINE=InnoDB AUTO_INCREMENT=11 DEFAULT CHARSET=utf8mb4 COLLATE=utf8mb4_general_ci;
/*!40101 SET character_set_client = @saved_cs_client */;

--
-- Dumping data for table `quest`
--

LOCK TABLES `quest` WRITE;
/*!40000 ALTER TABLE `quest` DISABLE KEYS */;
INSERT INTO `quest` VALUES (1,'일찍 일어나서, 기상체크!',NULL,'wake'),(2,'규직적인 하루 습관, 식사',NULL,'eat'),(3,'상쾌한 공기화 함께, 산책',NULL,'walk'),(4,'다섯번만 더, 스쿼트',NULL,'squat'),(5,'친구들과 오랜만에, 약속',NULL,'promise'),(6,'오늘 하늘 어때? 사진 찍기',NULL,'photo'),(7,'마음을 편안하게, 명상',NULL,'meditation'),(8,'우리 몸의 필수, 물마시기',NULL,'water'),(9,'스트레칭도 문장을 정해주세요',NULL,'stretch'),(10,'출석 체크 누르고 오늘의 보상을 받아보세요.',NULL,'attendance');
/*!40000 ALTER TABLE `quest` ENABLE KEYS */;
UNLOCK TABLES;
SET @@SESSION.SQL_LOG_BIN = @MYSQLDUMP_TEMP_LOG_BIN;
/*!40103 SET TIME_ZONE=@OLD_TIME_ZONE */;

/*!40101 SET SQL_MODE=@OLD_SQL_MODE */;
/*!40014 SET FOREIGN_KEY_CHECKS=@OLD_FOREIGN_KEY_CHECKS */;
/*!40014 SET UNIQUE_CHECKS=@OLD_UNIQUE_CHECKS */;
/*!40101 SET CHARACTER_SET_CLIENT=@OLD_CHARACTER_SET_CLIENT */;
/*!40101 SET CHARACTER_SET_RESULTS=@OLD_CHARACTER_SET_RESULTS */;
/*!40101 SET COLLATION_CONNECTION=@OLD_COLLATION_CONNECTION */;
/*!40111 SET SQL_NOTES=@OLD_SQL_NOTES */;

-- Dump completed on 2023-11-16 16:54:01
